member_id,signup_date,city,country,age,gender
1,2023-11-23,Haileyville,Sweden,39,Other
2,2025-04-14,Brendachester,Netherlands,46,Male
3,2023-12-14,Rebeccaport,Belgium,59,Female
4,2024-10-02,Munozbury,Austria,22,Other
5,2025-01-24,Ericton,Germany,25,Other
6,2023-08-02,Margaretport,Netherlands,33,Other
7,2024-12-16,New Jenniferport,Sweden,26,Other
8,2024-06-02,Carpentertown,Austria,25,Male
9,2025-03-23,Houstonborough,Netherlands,46,Male
10,2024-03-24,South Paul,Germany,64,Other
11,2024-07-23,Brendanhaven,Austria,56,Other
12,2024-08-24,West Antonio,Netherlands,24,Other
13,2024-12-16,Fosterchester,Belgium,36,Male
14,2023-08-29,Randallland,Germany,60,Male
15,2025-06-12,East Bradley,Belgium,43,Male
16,2024-04-18,Hintontown,Belgium,54,Male
17,2025-02-03,Dianemouth,Germany,29,Male
18,2023-12-07,Lake Mckenziefort,Belgium,41,Female
19,2024-07-23,Newtonhaven,Netherlands,18,Other
20,2024-02-18,Markbury,Belgium,59,Other
21,2025-01-15,Lake Jamesbury,Belgium,60,Male
22,2023-09-22,Wardside,Netherlands,51,Male
23,2025-04-22,West Haydenland,Belgium,52,Other
24,2024-07-27,West William,Germany,61,Other
25,2024-11-12,Hilltown,Belgium,60,Male
26,2024-09-13,Lake Jamie,Netherlands,40,Male
27,2024-09-28,Michaelport,Belgium,59,Male
28,2025-07-04,Duffyport,Austria,60,Other
29,2023-08-09,Hannahport,Netherlands,20,Male
30,2024-09-17,South Kennethport,Germany,45,Other
31,2025-03-14,Suttonborough,Germany,29,Male
32,2024-01-19,Haleburgh,Germany,45,Other
33,2023-08-09,Stephensville,Belgium,57,Male
34,2024-01-13,Collierborough,Austria,60,Male
35,2023-09-19,New Cindyview,Sweden,41,Male
36,2025-03-07,South Keithport,Germany,62,Other
37,2024-05-02,Port Nathanland,Germany,39,Male
38,2023-12-02,North Monique,Sweden,32,Male
39,2025-02-08,South Kellyport,Sweden,48,Male
40,2024-06-10,South Brittanychester,Netherlands,19,Other
41,2024-07-06,East Amy,Netherlands,62,Female
42,2023-10-12,Wilsonville,Belgium,45,Male
43,2024-09-23,South Jimmyland,Sweden,42,Male
44,2023-12-22,Watsonhaven,Belgium,26,Female
45,2024-08-22,North Brittneyberg,Austria,36,Other
46,2024-04-06,New Johnport,Austria,32,Other
47,2024-03-31,Paultown,Sweden,59,Female
48,2023-07-30,East Micheal,Sweden,35,Male
49,2023-11-19,Bennettmouth,Austria,35,Female
50,2025-05-12,South David,Netherlands,43,Other
51,2024-07-21,New Billy,Germany,19,Female
52,2025-03-05,Smithfort,Belgium,30,Female
53,2025-04-25,Janicestad,Sweden,23,Female
54,2025-05-09,Valdezmouth,Belgium,54,Female
55,2024-12-23,Sloanburgh,Netherlands,61,Other
56,2024-03-21,Gentryview,Belgium,62,Male
57,2025-01-26,North Rebecca,Netherlands,33,Male
58,2024-01-30,South Theresatown,Netherlands,64,Male
59,2023-09-07,East Elizabethstad,Germany,41,Other
60,2024-08-24,North Chelseatown,Austria,45,Male
61,2023-12-31,Lake Donaldport,Germany,42,Other
62,2025-05-04,Dustinmouth,Germany,21,Female
63,2025-03-21,Lake Alyssamouth,Austria,19,Male
64,2024-01-26,South Danaville,Belgium,24,Male
65,2023-11-10,Veronicaland,Germany,42,Other
66,2024-12-28,East Juanside,Germany,63,Other
67,2024-02-05,Port Joshuatown,Sweden,55,Male
68,2023-12-24,South Scott,Netherlands,19,Female
69,2024-09-19,Newtonside,Austria,60,Female
70,2024-01-11,Lake Linda,Netherlands,33,Male
71,2023-11-09,West Krystal,Germany,62,Male
72,2023-07-19,South Michael,Germany,39,Male
73,2023-11-03,Lake Jacobmouth,Belgium,57,Male
74,2024-06-02,Elliottbury,Belgium,51,Female
75,2024-01-13,West Jennifer,Germany,63,Male
76,2024-09-09,Lake Brenda,Netherlands,24,Male
77,2023-12-05,North Jack,Belgium,31,Other
78,2023-07-20,Lake James,Belgium,19,Female
79,2023-12-30,New Ashley,Sweden,19,Other
80,2023-09-07,Davismouth,Austria,55,Other
81,2025-02-05,Sheilafurt,Belgium,29,Female
82,2024-08-20,Lake Amber,Germany,46,Other
83,2024-10-23,North Scott,Germany,35,Male
84,2024-08-01,East Aprilfurt,Netherlands,61,Other
85,2025-03-06,Griffinfurt,Germany,50,Male
86,2025-03-12,West Paulville,Belgium,60,Female
87,2025-05-31,Lake Allison,Netherlands,52,Female
88,2023-09-30,Lake Joshua,Sweden,18,Female
89,2023-08-29,Port Edwardburgh,Sweden,40,Other
90,2023-12-06,Tiffanybury,Germany,53,Other
91,2025-04-29,North Lancefurt,Germany,44,Other
92,2025-01-07,Millerchester,Sweden,64,Female
93,2024-10-19,Joshuaview,Belgium,20,Female
94,2025-05-03,Garciaton,Belgium,20,Male
95,2025-03-06,Lawrencechester,Austria,36,Other
96,2024-09-02,Christopherview,Germany,32,Other
97,2024-07-15,Jameschester,Belgium,33,Other
98,2025-05-17,North Sylvia,Germany,36,Female
99,2024-11-14,Kellytown,Netherlands,51,Male
100,2024-09-01,Cainton,Netherlands,46,Male
101,2023-10-01,Andrewville,Sweden,31,Female
102,2025-05-29,Hensonland,Netherlands,43,Female
103,2024-04-13,West Emilyville,Austria,61,Male
104,2023-10-22,Andreafurt,Germany,56,Female
105,2024-11-28,New Marc,Sweden,45,Female
106,2024-02-27,North Christopher,Netherlands,28,Female
107,2023-07-09,Susanfurt,Sweden,21,Female
108,2024-10-24,West Joy,Germany,31,Female
109,2025-02-22,East Jasonmouth,Austria,44,Female
110,2024-02-18,Stephenborough,Sweden,56,Female
111,2024-01-02,Ortizbury,Netherlands,44,Other
112,2024-09-24,Elizabethhaven,Belgium,38,Female
113,2024-01-30,Palmerborough,Belgium,56,Male
114,2025-06-26,South Jamesland,Austria,33,Male
115,2025-01-28,South Kenneth,Belgium,61,Other
116,2024-10-27,New Hayden,Austria,52,Other
117,2024-07-19,Angelstad,Belgium,54,Other
118,2024-08-09,South Joshua,Germany,33,Female
119,2024-03-02,Port Damon,Sweden,39,Other
120,2024-01-30,West Lauramouth,Sweden,30,Female
121,2023-08-09,South Tyler,Germany,63,Other
122,2024-04-28,Deckertown,Belgium,36,Other
123,2024-09-06,Jenniferfort,Netherlands,40,Other
124,2023-10-27,Lake Andrew,Netherlands,34,Female
125,2024-08-31,Ortizside,Belgium,38,Female
126,2023-10-11,Lake Jessicabury,Sweden,36,Female
127,2024-03-24,North Gina,Belgium,24,Other
128,2024-11-28,South Paulchester,Belgium,41,Female
129,2024-01-11,Millshaven,Germany,29,Female
130,2023-09-18,Hamiltonstad,Belgium,58,Male
131,2025-05-13,Lake Anna,Belgium,46,Male
132,2024-06-26,West Brian,Germany,35,Male
133,2025-02-27,New Melissa,Sweden,47,Male
134,2024-03-16,Castroside,Belgium,60,Male
135,2024-05-29,Sharpberg,Netherlands,42,Other
136,2025-02-08,Martinburgh,Belgium,46,Other
137,2024-07-10,Lutzchester,Germany,63,Female
138,2023-10-17,South Ralphton,Austria,49,Female
139,2024-12-12,North Thomas,Belgium,29,Male
140,2025-03-23,Hubbardfurt,Sweden,57,Female
141,2023-07-29,Port Patricia,Germany,21,Male
142,2025-05-24,New John,Netherlands,21,Male
143,2023-09-19,Hendersonchester,Sweden,21,Male
144,2023-12-09,Tomborough,Netherlands,27,Other
145,2024-08-13,West Heidimouth,Netherlands,48,Female
146,2024-05-14,Martineztown,Austria,25,Female
147,2025-02-12,Andrewview,Sweden,45,Male
148,2025-02-02,East Charles,Germany,39,Male
149,2024-06-14,Smithhaven,Austria,63,Other
150,2025-01-29,Wrightborough,Sweden,53,Other
151,2025-01-06,New Craigfurt,Sweden,44,Female
152,2024-11-14,New Rodney,Germany,24,Female
153,2025-04-12,Orozcochester,Germany,36,Male
154,2024-08-04,Kevinside,Sweden,25,Other
155,2025-01-25,Thomasmouth,Austria,35,Male
156,2024-06-23,Lake Joshua,Netherlands,21,Other
157,2023-08-19,New Connor,Austria,48,Female
158,2024-10-15,East Meganchester,Austria,40,Female
159,2024-09-06,Port Brendafurt,Netherlands,23,Other
160,2025-01-12,Carrmouth,Germany,33,Female
161,2024-02-01,East Sandrashire,Austria,39,Other
162,2025-01-27,Davisland,Netherlands,18,Male
163,2024-06-11,East Jason,Sweden,35,Female
164,2025-04-10,East Robert,Belgium,28,Other
165,2025-04-13,Lake Tylerport,Sweden,63,Other
166,2024-05-13,Jeffreymouth,Germany,23,Female
167,2024-01-26,Armstrongville,Germany,44,Male
168,2024-12-31,North Ericbury,Sweden,57,Male
169,2024-06-15,Port William,Germany,47,Male
170,2023-10-19,Leslieland,Belgium,42,Female
171,2024-02-27,Snyderland,Sweden,46,Female
172,2023-10-12,Port Ericberg,Sweden,51,Male
173,2025-06-17,Mooreberg,Germany,46,Female
174,2025-05-18,Catherineland,Belgium,39,Female
175,2024-07-09,New Nicole,Netherlands,62,Other
176,2024-12-02,South Kevin,Belgium,62,Female
177,2024-07-30,East Lisa,Netherlands,50,Other
178,2025-03-05,Port Lauraville,Belgium,40,Female
179,2023-10-23,West Lisahaven,Belgium,41,Other
180,2025-05-10,New Lorifort,Belgium,36,Female
181,2024-07-30,Port Rachelshire,Netherlands,25,Female
182,2024-09-10,South Lisa,Germany,24,Other
183,2023-07-31,Figueroaburgh,Germany,39,Male
184,2024-02-06,Patrickbury,Austria,57,Other
185,2025-04-24,West Vincentborough,Belgium,31,Male
186,2023-09-09,Jasonburgh,Sweden,60,Male
187,2023-11-13,New Tiffanyburgh,Austria,38,Male
188,2024-02-09,South Sheri,Sweden,46,Male
189,2023-08-26,Buckberg,Netherlands,31,Male
190,2024-05-06,Coffeymouth,Netherlands,18,Other
191,2025-06-09,New Amy,Belgium,41,Female
192,2023-11-11,Lake William,Belgium,64,Male
193,2024-06-23,East Helenland,Austria,33,Other
194,2024-03-05,South Richardville,Germany,59,Male
195,2025-02-02,Port Amychester,Belgium,56,Other
196,2025-03-16,West Barbara,Netherlands,49,Female
197,2023-07-16,Lake John,Austria,25,Male
198,2024-09-29,Baldwinbury,Netherlands,43,Male
199,2024-03-17,Emilyfurt,Belgium,61,Female
200,2025-02-20,Cynthiachester,Austria,50,Female
201,2024-10-27,North Ashleeview,Austria,34,Male
202,2025-04-10,South Joseph,Netherlands,51,Female
203,2024-09-24,Allisonview,Netherlands,53,Other
204,2024-05-13,Mitchellside,Austria,45,Male
205,2025-06-09,Port Gabrielview,Netherlands,46,Male
206,2024-06-23,New Lawrence,Austria,40,Female
207,2025-01-25,Amyview,Sweden,24,Other
208,2023-11-20,Wilkinstown,Sweden,23,Male
209,2023-10-08,Gonzalezmouth,Germany,29,Female
210,2024-11-16,Robertburgh,Netherlands,57,Other
211,2023-08-13,Hillview,Belgium,43,Other
212,2024-03-08,Mccoyville,Belgium,18,Female
213,2025-05-15,Meganborough,Germany,48,Other
214,2023-09-23,East Jeffery,Sweden,46,Male
215,2025-05-03,Martinmouth,Sweden,51,Male
216,2025-07-02,West Brandonchester,Belgium,61,Other
217,2024-06-12,Underwoodhaven,Austria,35,Other
218,2024-10-24,Bowersstad,Netherlands,50,Other
219,2024-11-01,West Jeremychester,Belgium,56,Female
220,2023-12-08,New Troy,Belgium,21,Female
221,2024-12-28,New Traci,Netherlands,25,Other
222,2023-07-24,Fostershire,Netherlands,43,Male
223,2023-08-13,West Edwin,Netherlands,45,Other
224,2025-06-06,Port Julia,Germany,54,Female
225,2023-10-29,Hutchinsonberg,Netherlands,18,Male
226,2024-02-10,West Monica,Belgium,18,Other
227,2024-02-05,Riveraborough,Austria,51,Other
228,2023-10-26,Heatherhaven,Austria,50,Male
229,2024-12-07,Sarahside,Germany,54,Male
230,2025-04-04,New Andrewhaven,Austria,18,Female
231,2025-06-21,New Jeffreystad,Belgium,20,Other
232,2024-03-20,Hansenbury,Germany,62,Female
233,2025-01-20,Russellborough,Belgium,19,Male
234,2025-05-29,West Ralphview,Belgium,30,Other
235,2024-09-20,Wrightville,Belgium,27,Other
236,2024-10-19,Carolineton,Sweden,35,Female
237,2024-06-12,Mccormickport,Netherlands,39,Male
238,2023-12-20,East Michelleburgh,Austria,59,Female
239,2024-07-15,New Michaeltown,Belgium,37,Male
240,2024-02-23,Hawkinsland,Austria,63,Female
241,2023-09-29,Hudsonberg,Germany,51,Female
242,2024-10-13,West Anthonytown,Netherlands,40,Male
243,2024-12-12,Maynardville,Germany,42,Other
244,2025-01-31,Albertmouth,Austria,25,Female
245,2024-09-08,Gabrielleport,Belgium,49,Male
246,2023-10-09,Chandlerborough,Germany,47,Female
247,2024-04-04,Gonzalesview,Belgium,39,Female
248,2024-09-07,Orozcoton,Sweden,61,Female
249,2024-08-16,Kristenhaven,Netherlands,37,Male
250,2025-07-04,New Jenniferfurt,Austria,37,Male
251,2025-06-07,North Susanview,Belgium,41,Male
252,2025-04-07,Peggytown,Germany,63,Other
253,2024-07-19,Weaverville,Belgium,24,Female
254,2025-06-30,Larsonmouth,Germany,27,Other
255,2025-04-12,East Steve,Sweden,33,Other
256,2024-05-18,West Timothy,Belgium,30,Other
257,2024-08-23,South Raymond,Sweden,19,Male
258,2023-11-06,Oliverhaven,Netherlands,21,Female
259,2023-08-16,North Thomasview,Sweden,54,Male
260,2023-08-30,North Robert,Austria,46,Other
261,2024-08-18,Alfredton,Netherlands,49,Other
262,2024-02-21,Joseland,Belgium,60,Female
263,2024-11-27,Jasmineborough,Netherlands,48,Male
264,2024-08-25,West Kyle,Austria,60,Other
265,2023-09-07,New Alicefurt,Belgium,28,Other
266,2023-11-05,Kristahaven,Austria,43,Other
267,2023-11-01,Lake Brentmouth,Austria,54,Male
268,2024-01-27,Port Andrewborough,Sweden,62,Female
269,2024-10-19,North Paul,Austria,22,Female
270,2023-12-05,Gilbertstad,Belgium,28,Other
271,2023-10-26,Delacruzborough,Austria,26,Male
272,2025-07-03,New Ericstad,Netherlands,52,Male
273,2023-08-04,Johnsonville,Germany,58,Other
274,2024-08-13,Deborahfort,Austria,52,Other
275,2024-09-07,Jimmyborough,Germany,33,Other
276,2025-03-11,Lisaton,Sweden,56,Other
277,2023-07-17,Matthewview,Netherlands,43,Male
278,2024-07-05,Anthonyfort,Austria,59,Female
279,2023-11-13,South Wendyside,Germany,58,Female
280,2023-08-31,Nicoleberg,Netherlands,23,Female
281,2024-01-28,Christinemouth,Austria,37,Male
282,2023-12-30,Jamieport,Sweden,32,Male
283,2025-01-15,South Dawn,Netherlands,50,Female
284,2025-05-24,Lake Ryanberg,Belgium,59,Other
285,2025-05-19,Paulberg,Germany,28,Female
286,2024-11-15,Nguyenmouth,Sweden,34,Other
287,2024-01-07,Derekmouth,Belgium,27,Other
288,2025-06-07,Moodychester,Belgium,24,Female
289,2024-05-20,Gonzalezport,Sweden,58,Other
290,2023-10-08,Paulport,Netherlands,52,Female
291,2025-03-03,New Lisa,Germany,46,Male
292,2024-10-02,Port Lauren,Germany,25,Other
293,2024-03-11,South April,Germany,61,Female
294,2024-03-09,Port Tiffanyville,Netherlands,63,Female
295,2025-05-06,Goodmanside,Netherlands,55,Other
296,2025-03-30,Jacobstad,Belgium,29,Male
297,2024-12-01,West Douglas,Germany,55,Female
298,2024-05-30,Christopherhaven,Sweden,31,Male
299,2024-04-15,Davidhaven,Germany,26,Male
300,2025-05-10,New Johnport,Germany,40,Other
301,2024-08-03,Reneeland,Austria,41,Other
302,2023-08-03,East Heather,Sweden,41,Female
303,2024-08-05,New Stevenshire,Belgium,19,Male
304,2025-02-25,Kennethfurt,Germany,42,Male
305,2024-02-03,Lake Amy,Germany,26,Other
306,2024-03-01,Port Martin,Austria,57,Female
307,2024-12-16,Rebeccahaven,Austria,22,Other
308,2024-07-27,Helenview,Belgium,34,Other
309,2024-05-28,Justinside,Netherlands,18,Other
310,2023-09-19,Richmondland,Belgium,63,Male
311,2024-01-09,Michellemouth,Sweden,58,Other
312,2023-11-24,Graymouth,Sweden,58,Male
313,2024-05-12,Kennedystad,Netherlands,60,Female
314,2024-01-19,Huntland,Sweden,45,Male
315,2024-10-12,Davidmouth,Belgium,34,Other
316,2024-11-13,North Angelastad,Netherlands,50,Female
317,2025-02-07,Kellymouth,Sweden,54,Other
318,2024-08-11,Ramirezfurt,Austria,44,Other
319,2024-08-01,Port Candaceberg,Netherlands,30,Other
320,2023-09-22,Davidmouth,Belgium,61,Female
321,2024-12-09,East Patricialand,Netherlands,49,Other
322,2024-04-25,Jasonport,Germany,28,Other
323,2025-06-02,Daughertyfort,Germany,26,Male
324,2025-06-14,Brendaport,Austria,30,Other
325,2024-08-22,Dunlapside,Belgium,43,Other
326,2024-11-16,Johnsonport,Sweden,45,Other
327,2025-06-13,Russellton,Austria,62,Other
328,2023-12-26,Wilsonside,Sweden,34,Female
329,2024-07-14,West Cassandrahaven,Belgium,35,Other
330,2024-08-07,Whiteton,Sweden,22,Other
331,2023-12-30,Lake Williamfort,Austria,18,Male
332,2023-08-26,Morganhaven,Austria,18,Female
333,2025-03-09,Raymondton,Netherlands,18,Male
334,2024-02-01,Hillland,Belgium,39,Male
335,2024-05-31,Anthonystad,Belgium,25,Male
336,2024-02-25,West Jasmineside,Belgium,58,Other
337,2024-04-20,Tylerchester,Belgium,61,Female
338,2025-02-05,Joannabury,Germany,57,Female
339,2024-12-08,East Kimberly,Germany,56,Male
340,2024-06-05,North Johntown,Belgium,54,Male
341,2024-02-02,North Sarah,Belgium,41,Other
342,2025-06-28,East Brittanytown,Belgium,19,Male
343,2024-12-08,Lake Nathanborough,Sweden,18,Female
344,2025-01-14,North Masonborough,Netherlands,23,Other
345,2024-06-01,East Sylvia,Belgium,38,Female
346,2024-03-17,Timothyview,Belgium,54,Male
347,2023-07-31,West Latoya,Netherlands,55,Male
348,2025-01-15,Watsonton,Austria,49,Male
349,2023-07-15,Velezborough,Austria,26,Other
350,2024-08-11,Hendrickschester,Germany,52,Other
351,2023-11-23,Gonzalezberg,Germany,21,Female
352,2024-09-13,Yatestown,Germany,44,Female
353,2024-07-11,Philipbury,Germany,56,Other
354,2025-03-13,South April,Sweden,37,Male
355,2024-05-09,Watersview,Austria,35,Male
356,2023-09-22,Adrianfurt,Netherlands,62,Male
357,2025-02-23,North Maria,Belgium,60,Female
358,2023-10-19,North Markhaven,Germany,19,Other
359,2024-01-03,Douglasshire,Austria,56,Male
360,2024-02-13,Gonzalezland,Germany,48,Female
361,2024-05-11,Butlerton,Netherlands,60,Female
362,2025-01-12,West Katherine,Netherlands,39,Other
363,2025-06-08,South Johnshire,Austria,57,Male
364,2024-09-04,Wuland,Austria,32,Other
365,2023-11-27,Barnesmouth,Netherlands,59,Female
366,2025-04-10,Lake Marilynville,Sweden,52,Other
367,2024-05-15,Donaldside,Netherlands,37,Other
368,2024-12-04,Jeffreybury,Austria,38,Female
369,2024-11-01,Port Brian,Sweden,55,Other
370,2025-03-10,North Robertaside,Sweden,23,Male
371,2024-05-09,Craigside,Austria,48,Other
372,2025-01-12,Dunnberg,Netherlands,57,Other
373,2024-03-29,Robertmouth,Austria,44,Other
374,2023-09-15,Lake Gregory,Austria,22,Female
375,2023-12-20,Annamouth,Netherlands,64,Male
376,2025-06-24,West Chad,Germany,57,Male
377,2024-03-24,New Stephanieborough,Austria,60,Male
378,2024-01-12,Medinastad,Belgium,34,Male
379,2025-03-27,Port Amandahaven,Germany,64,Female
380,2024-10-04,Schaeferville,Austria,56,Female
381,2024-12-19,North Patrick,Netherlands,37,Female
382,2024-08-15,South Charlesview,Sweden,52,Female
383,2024-02-18,Nathanieltown,Sweden,50,Female
384,2024-09-28,Reedstad,Germany,45,Female
385,2025-06-23,Port Curtis,Germany,55,Male
386,2024-03-13,New Justinstad,Netherlands,23,Male
387,2024-07-02,South Rogerfort,Belgium,62,Other
388,2024-08-18,Chenfort,Sweden,61,Male
389,2025-02-20,North David,Belgium,21,Male
390,2025-05-18,East Kelly,Sweden,30,Male
391,2024-01-10,North Kellyview,Netherlands,50,Other
392,2024-12-21,Singletonland,Sweden,44,Other
393,2025-06-20,West Tonyaland,Sweden,50,Male
394,2025-06-05,New Stevenville,Sweden,30,Male
395,2025-07-02,Ryanton,Austria,43,Other
396,2023-12-20,Phillipston,Austria,28,Other
397,2025-04-22,Jordanberg,Austria,21,Female
398,2025-01-01,Oscarburgh,Netherlands,44,Other
399,2023-12-17,Jennaberg,Belgium,19,Male
400,2025-03-16,East Cindychester,Sweden,57,Female
401,2025-02-18,Amymouth,Netherlands,29,Female
402,2024-02-04,Juanmouth,Belgium,49,Other
403,2023-10-04,New Troy,Belgium,23,Male
404,2025-04-14,Christopherborough,Austria,36,Other
405,2023-09-19,Lovechester,Netherlands,44,Other
406,2023-08-14,Rodneyfurt,Netherlands,47,Male
407,2025-05-31,Gabrielmouth,Netherlands,36,Female
408,2025-02-22,New Marcside,Germany,52,Other
409,2025-03-10,Lukehaven,Germany,57,Male
410,2025-03-10,Port Heidi,Belgium,25,Female
411,2025-02-20,Lake Christopher,Germany,60,Male
412,2024-03-02,Bowenview,Netherlands,51,Other
413,2024-05-24,South Kaitlynview,Austria,49,Male
414,2025-04-01,New Davidton,Belgium,18,Other
415,2025-05-19,West Valeriefort,Netherlands,35,Male
416,2025-01-03,East Guymouth,Germany,44,Other
417,2023-10-09,East Charlestown,Austria,39,Other
418,2024-06-28,Careyton,Belgium,28,Female
419,2024-06-11,Port Josephtown,Germany,19,Female
420,2024-10-31,Garrettfort,Sweden,30,Male
421,2024-05-23,Kristenville,Germany,55,Female
422,2024-04-27,Michaelstad,Netherlands,51,Female
423,2024-02-03,Thomasmouth,Belgium,56,Female
424,2023-12-05,Julieburgh,Sweden,56,Female
425,2024-07-07,New Raymond,Netherlands,22,Other
426,2024-07-10,Fergusontown,Netherlands,37,Male
427,2024-03-15,Meganmouth,Sweden,33,Male
428,2023-09-10,Wonghaven,Austria,36,Other
429,2025-03-20,North Suzanne,Belgium,62,Female
430,2024-03-02,Philiptown,Sweden,52,Male
431,2024-08-05,South Jenniferville,Sweden,46,Female
432,2025-01-06,Alexview,Germany,41,Female
433,2024-10-16,West Justin,Netherlands,60,Male
434,2023-10-13,North Justinside,Belgium,48,Male
435,2024-01-19,Pricebury,Belgium,61,Female
436,2024-01-11,Powellbury,Sweden,38,Other
437,2025-03-14,Lake Christina,Austria,57,Female
438,2024-06-27,East James,Sweden,38,Other
439,2024-08-20,Gregoryborough,Germany,50,Male
440,2025-02-25,Vazquezchester,Germany,22,Male
441,2023-07-18,Port Marcside,Germany,56,Female
442,2024-03-22,Rachelburgh,Sweden,50,Male
443,2023-10-04,Port Crystal,Sweden,48,Other
444,2024-11-17,West Jenniferville,Germany,47,Female
445,2025-03-28,North Jennymouth,Austria,48,Female
446,2024-09-08,Gallagherbury,Netherlands,32,Other
447,2025-05-17,Stephenland,Netherlands,41,Male
448,2024-03-03,Lake Mary,Sweden,38,Female
449,2025-01-27,New James,Sweden,61,Female
450,2024-12-29,Russellberg,Austria,41,Female
451,2024-11-06,Jasonview,Belgium,45,Female
452,2025-06-14,West Rebeccaberg,Austria,64,Other
453,2025-01-28,West Richard,Netherlands,63,Female
454,2024-01-07,Robertchester,Sweden,61,Male
455,2024-09-24,Lake Natalie,Austria,34,Female
456,2025-01-27,New Aaronshire,Sweden,20,Other
457,2023-07-22,Nathanielchester,Germany,47,Female
458,2023-08-19,Lake Markberg,Sweden,58,Female
459,2025-01-04,East Tonyaville,Germany,47,Other
460,2025-06-29,Port Tyler,Austria,23,Male
461,2024-11-06,Port David,Belgium,48,Male
462,2024-05-28,West Christina,Germany,62,Female
463,2025-05-06,Jacksontown,Belgium,49,Female
464,2023-09-24,Port Alexburgh,Netherlands,43,Male
465,2024-06-20,North Frankville,Netherlands,20,Female
466,2024-04-26,Herreraborough,Belgium,61,Other
467,2025-01-25,Lake Travisstad,Belgium,62,Female
468,2025-01-20,Pageview,Austria,35,Male
469,2025-02-22,East Angieview,Belgium,54,Male
470,2024-06-04,South Sarah,Belgium,60,Other
471,2024-08-28,Sharonport,Germany,62,Male
472,2023-08-13,Danielmouth,Austria,22,Male
473,2024-06-13,Browningview,Germany,19,Female
474,2024-12-12,Fergusonshire,Belgium,27,Other
475,2024-09-13,West Kellyport,Austria,20,Male
476,2024-02-19,Strongville,Germany,58,Female
477,2024-04-15,Danielland,Sweden,49,Female
478,2024-09-30,Port Codyhaven,Belgium,18,Other
479,2024-11-24,Wheelerhaven,Germany,53,Male
480,2024-07-21,New Arthurtown,Sweden,33,Other
481,2024-05-19,East Stacychester,Austria,42,Female
482,2024-03-07,North Thomas,Austria,63,Female
483,2023-08-22,Batesville,Belgium,39,Other
484,2023-09-05,Mckenzieview,Sweden,54,Male
485,2025-02-01,Juliaborough,Netherlands,63,Male
486,2025-01-09,South Mark,Germany,44,Female
487,2024-07-03,Lake Christopherton,Sweden,55,Female
488,2024-11-28,East Joseph,Belgium,53,Female
489,2025-04-01,Aguilarmouth,Austria,29,Other
490,2023-08-25,East Martinberg,Netherlands,37,Female
491,2025-04-11,Priceton,Netherlands,33,Female
492,2024-09-15,New Rhondashire,Sweden,18,Female
493,2024-05-05,East Joel,Sweden,45,Male
494,2023-08-05,New Timothystad,Belgium,21,Male
495,2024-05-05,Melissaburgh,Sweden,56,Male
496,2025-03-15,Robertaberg,Austria,42,Female
497,2023-09-27,East Annahaven,Sweden,21,Other
498,2024-09-16,North Brianstad,Austria,61,Other
499,2023-08-09,Greenburgh,Netherlands,18,Male
500,2025-06-01,Port Jennifer,Belgium,34,Male
501,2024-06-14,Susanchester,Belgium,38,Male
502,2024-07-15,South Adrienne,Sweden,54,Male
503,2024-04-08,Smithshire,Netherlands,45,Male
504,2025-06-19,Smithmouth,Germany,30,Other
505,2024-12-31,South Adamview,Austria,26,Male
506,2024-09-08,Parkberg,Belgium,32,Other
507,2024-06-07,Sherriville,Austria,61,Male
508,2023-12-15,Port John,Belgium,63,Male
509,2024-02-03,Kimberlyfurt,Austria,42,Male
510,2025-05-01,North Dana,Sweden,39,Other
511,2025-03-10,Port Tracy,Germany,34,Female
512,2025-01-20,Lake Christophertown,Belgium,28,Male
513,2025-05-20,East Sethville,Belgium,53,Other
514,2024-05-22,Karenhaven,Austria,24,Other
515,2025-04-11,Kleinside,Sweden,51,Other
516,2025-03-17,New Rebeccaborough,Austria,18,Other
517,2024-12-22,North Joeltown,Austria,29,Female
518,2024-05-11,Port Shannonland,Austria,26,Other
519,2024-06-17,Warrenmouth,Sweden,26,Female
520,2025-01-27,East Christopher,Germany,56,Other
521,2024-07-22,Rodriguezland,Belgium,46,Female
522,2024-03-14,Ericstad,Austria,48,Male
523,2023-10-18,Dicksonfurt,Austria,56,Female
524,2025-01-09,South Jasonview,Austria,38,Other
525,2024-06-06,South Michellechester,Netherlands,55,Female
526,2024-04-22,East Jimmyburgh,Belgium,46,Male
527,2025-01-19,Austinstad,Belgium,24,Other
528,2024-06-20,Briannaborough,Austria,31,Female
529,2025-01-11,South Troy,Austria,34,Female
530,2023-12-28,Maryborough,Sweden,54,Other
531,2024-07-25,Markbury,Austria,57,Female
532,2023-08-15,East Angela,Netherlands,37,Female
533,2025-02-02,Brandonberg,Austria,60,Female
534,2024-01-03,South Aaron,Germany,63,Male
535,2023-08-30,South Johnview,Sweden,50,Female
536,2023-08-23,Port Jesse,Germany,23,Male
537,2025-04-17,North Joseph,Belgium,29,Female
538,2024-08-07,South Ryanton,Netherlands,59,Other
539,2023-11-20,Port Eduardo,Belgium,19,Other
540,2023-10-09,Jeffreyberg,Belgium,19,Male
541,2024-12-28,West Sherryview,Sweden,62,Other
542,2024-03-01,Brianhaven,Netherlands,40,Female
543,2023-07-28,Port Juliaside,Sweden,26,Female
544,2024-03-27,Gomezside,Sweden,41,Male
545,2025-04-21,New Christopher,Netherlands,18,Male
546,2023-10-09,Mcknightmouth,Germany,42,Other
547,2023-10-23,Johnmouth,Belgium,34,Other
548,2024-04-26,Lake Brianna,Austria,60,Female
549,2024-08-14,Lake Elizabeth,Austria,50,Female
550,2024-04-11,Berrychester,Sweden,26,Male
551,2024-11-19,Palmerhaven,Netherlands,46,Other
552,2024-08-30,South Billy,Belgium,54,Female
553,2024-11-23,Mikefort,Germany,52,Female
554,2024-11-04,North Randy,Germany,31,Male
555,2025-01-09,Port Nicolemouth,Austria,59,Other
556,2024-05-21,Carpentermouth,Austria,31,Other
557,2024-10-17,Port Amanda,Sweden,23,Male
558,2024-08-29,Danielberg,Netherlands,46,Other
559,2023-08-03,Laratown,Belgium,38,Other
560,2024-01-08,West Nicole,Germany,59,Other
561,2023-09-26,Markfort,Germany,41,Female
562,2024-06-06,Dakotaton,Austria,37,Female
563,2024-03-02,South Nathan,Sweden,29,Female
564,2024-04-29,Villarrealville,Austria,53,Male
565,2024-05-24,East Michael,Austria,47,Other
566,2023-09-09,Lake Chadburgh,Belgium,20,Male
567,2023-07-29,Jameschester,Germany,34,Other
568,2025-05-05,Kennethfurt,Belgium,30,Other
569,2024-02-01,Hughesshire,Belgium,22,Female
570,2023-09-26,New Melissafort,Austria,55,Other
571,2024-03-01,Longview,Belgium,38,Other
572,2024-10-28,Stephanieville,Germany,62,Male
573,2024-01-10,New David,Sweden,24,Other
574,2023-12-09,West Jeffrey,Netherlands,63,Male
575,2024-09-18,New Maria,Sweden,56,Male
576,2024-06-03,New Paulside,Germany,63,Male
577,2025-01-30,Brownbury,Belgium,38,Other
578,2023-09-26,Ellischester,Austria,19,Female
579,2025-06-04,West Alexanderbury,Sweden,52,Other
580,2023-10-25,Tammyville,Belgium,29,Other
581,2025-02-14,South Glendafort,Belgium,40,Female
582,2024-10-06,Erikport,Germany,58,Female
583,2023-11-27,Stewartfurt,Sweden,49,Male
584,2025-01-06,Lake Gloriaview,Sweden,26,Male
585,2024-09-21,Port Adamside,Belgium,64,Male
586,2023-11-28,Hugheston,Belgium,23,Female
587,2024-02-18,New Rachel,Netherlands,54,Other
588,2023-10-31,New Kyleborough,Belgium,58,Male
589,2023-09-04,South Paulside,Austria,54,Other
590,2024-02-02,East David,Germany,41,Male
591,2024-07-16,East Bryanshire,Netherlands,36,Other
592,2024-07-10,Cherylmouth,Germany,36,Other
593,2023-11-21,North Williambury,Belgium,27,Male
594,2023-12-29,South Kimberlyview,Netherlands,40,Other
595,2024-01-23,South Erik,Netherlands,28,Male
596,2025-01-24,North Ronald,Germany,20,Male
597,2024-09-22,North Antonio,Austria,29,Male
598,2024-08-23,Callahanport,Netherlands,60,Female
599,2024-05-25,East Rachel,Netherlands,32,Male
600,2023-08-06,East Nicolemouth,Austria,33,Other
601,2024-11-29,Kristenville,Germany,33,Male
602,2024-09-04,South Katieport,Sweden,64,Other
603,2023-10-18,New Johnchester,Sweden,56,Female
604,2024-03-11,East Todd,Germany,52,Male
605,2024-04-07,Port Sierra,Belgium,18,Female
606,2024-06-29,Port Susan,Belgium,46,Other
607,2025-01-11,North Jacqueline,Germany,50,Other
608,2023-07-18,Ortegaport,Germany,47,Male
609,2023-11-12,Lake David,Germany,55,Female
610,2024-10-23,Mclaughlinton,Germany,54,Other
611,2023-08-06,North Tiffanystad,Sweden,19,Female
612,2024-03-16,East Kelsey,Austria,23,Male
613,2024-05-23,Griffinhaven,Netherlands,59,Other
614,2023-07-25,West Markland,Sweden,55,Female
615,2024-01-09,Clarkton,Germany,46,Male
616,2025-07-07,New Timothy,Belgium,55,Other
617,2024-03-21,Pattonborough,Austria,64,Female
618,2023-07-30,Jamesburgh,Netherlands,40,Other
619,2025-03-01,Grimesland,Belgium,28,Male
620,2024-09-25,East Janetton,Austria,26,Female
621,2024-04-26,East Kevin,Netherlands,24,Other
622,2023-12-18,East Charleston,Austria,29,Other
623,2024-04-19,Michaelhaven,Belgium,25,Other
624,2024-08-16,New Tammy,Austria,61,Male
625,2025-05-24,Stephenbury,Belgium,18,Female
626,2023-10-05,Lake Adam,Belgium,22,Other
627,2025-02-21,East Williammouth,Netherlands,32,Male
628,2023-12-06,Lake Joseph,Netherlands,29,Female
629,2024-12-31,Clarkmouth,Belgium,49,Male
630,2024-11-26,West Sharonside,Austria,28,Other
631,2024-02-27,South Garyview,Sweden,48,Other
632,2024-09-15,East Amber,Netherlands,60,Other
633,2025-06-02,West Edgar,Sweden,36,Other
634,2025-03-10,Lake Michael,Austria,42,Other
635,2023-10-24,Isaiahport,Austria,27,Male
636,2024-03-29,Figueroafurt,Germany,55,Male
637,2024-02-27,North Matthewborough,Austria,25,Female
638,2024-02-28,North Tracy,Netherlands,59,Male
639,2024-01-09,Lisaton,Netherlands,64,Male
640,2024-09-03,Amybury,Sweden,36,Other
641,2025-07-05,Richardbury,Austria,29,Other
642,2024-07-23,Lake Mitchelltown,Belgium,21,Male
643,2023-10-12,Laraville,Netherlands,31,Other
644,2024-12-27,South Jessica,Belgium,47,Other
645,2023-08-24,Lake Shelly,Germany,52,Other
646,2025-05-03,West Jessicafort,Sweden,20,Male
647,2025-01-06,North David,Austria,58,Male
648,2024-04-09,Timothybury,Germany,25,Female
649,2024-11-11,Reillyville,Netherlands,56,Male
650,2024-04-23,Lake Joe,Germany,42,Other
651,2024-12-01,West Gabriellestad,Austria,39,Female
652,2025-06-28,Patriciabury,Austria,23,Female
653,2025-06-25,North Travis,Austria,26,Other
654,2025-06-05,Markshire,Austria,43,Female
655,2024-09-08,Brendafurt,Germany,56,Female
656,2024-07-13,New Jeffreybury,Netherlands,47,Male
657,2024-05-06,Meadowsburgh,Austria,21,Male
658,2025-02-23,New Jamieshire,Germany,21,Other
659,2024-01-12,Wellsshire,Germany,60,Male
660,2024-02-13,Port Alicia,Germany,38,Female
661,2024-07-07,Brandtland,Sweden,32,Male
662,2025-06-17,West Michaelfort,Netherlands,63,Male
663,2025-05-20,Lake Cody,Belgium,56,Male
664,2023-09-27,Guerraville,Germany,33,Female
665,2025-03-25,North Joshualand,Austria,22,Other
666,2025-06-08,Jamesmouth,Sweden,22,Other
667,2025-06-25,Murphyfurt,Austria,44,Other
668,2024-07-26,Morrowtown,Belgium,38,Female
669,2023-12-17,North Michaelhaven,Netherlands,61,Other
670,2024-11-27,West Rhondaport,Germany,40,Male
671,2024-03-11,Lake Justinton,Netherlands,29,Male
672,2024-05-07,Lake Laurabury,Netherlands,51,Female
673,2024-09-16,South Sheila,Netherlands,18,Female
674,2025-05-13,Juliaport,Germany,18,Female
675,2023-12-24,Timothyfurt,Austria,57,Other
676,2024-06-24,Dawsonville,Sweden,30,Other
677,2023-07-25,Diazside,Germany,32,Male
678,2025-06-02,Weaverton,Netherlands,64,Other
679,2025-06-09,West Victoriashire,Germany,30,Female
680,2025-06-30,Arellanoberg,Netherlands,49,Other
681,2024-02-03,North Joshuashire,Germany,53,Female
682,2024-11-20,South Danieltown,Austria,44,Male
683,2024-02-06,East Brent,Sweden,58,Male
684,2023-11-09,Bryanborough,Netherlands,60,Male
685,2024-04-20,Michaelborough,Sweden,40,Female
686,2025-05-03,Bakerburgh,Sweden,24,Male
687,2025-03-15,Davidmouth,Belgium,40,Female
688,2025-03-29,Pereztown,Austria,34,Male
689,2023-08-20,South Kevin,Netherlands,43,Female
690,2023-12-17,Ricardoland,Belgium,26,Other
691,2024-05-14,Petermouth,Austria,64,Female
692,2025-05-22,Blackburnhaven,Belgium,40,Male
693,2023-10-02,Lake Nicole,Germany,34,Other
694,2024-09-17,West William,Belgium,41,Male
695,2024-11-09,Jonesmouth,Austria,33,Female
696,2024-05-01,Robinsontown,Germany,36,Female
697,2024-06-24,New Christopherton,Sweden,25,Female
698,2025-01-27,Martinchester,Netherlands,52,Female
699,2024-09-12,Carlosshire,Germany,49,Other
700,2023-11-03,Graybury,Austria,42,Male
701,2024-07-20,New Travisbury,Belgium,32,Other
702,2024-09-25,Dixonshire,Germany,32,Other
703,2024-06-05,Jenkinsshire,Sweden,45,Male
704,2024-05-15,Snyderfort,Austria,55,Male
705,2023-08-29,East Travis,Netherlands,32,Other
706,2024-02-19,South Jasonmouth,Sweden,52,Male
707,2024-12-28,Patriciaside,Belgium,43,Other
708,2023-12-07,Deannashire,Germany,34,Other
709,2024-11-11,Whiteberg,Belgium,25,Female
710,2025-06-14,East Adamview,Netherlands,21,Other
711,2024-07-06,Lambberg,Netherlands,42,Female
712,2025-03-30,Jamestown,Belgium,48,Male
713,2023-12-08,North Amandaton,Germany,47,Male
714,2024-04-11,Stevenstown,Netherlands,38,Other
715,2025-07-04,Lake Kristashire,Belgium,35,Male
716,2023-12-29,East Christopher,Netherlands,42,Other
717,2024-10-24,Sierraborough,Germany,25,Male
718,2024-08-26,South Jasmineport,Netherlands,30,Female
719,2024-03-16,Yolandatown,Germany,62,Female
720,2023-11-21,Patriciatown,Sweden,63,Female
721,2025-03-20,South Brendanport,Austria,37,Female
722,2025-02-21,Garyhaven,Germany,21,Male
723,2024-08-01,Heathershire,Sweden,41,Other
724,2023-08-30,North Melanie,Germany,32,Male
725,2024-03-15,Brandonland,Austria,50,Male
726,2025-07-01,Port Michaelberg,Austria,56,Female
727,2024-10-26,Crosston,Sweden,25,Female
728,2024-08-07,Jonesshire,Austria,51,Other
729,2024-02-28,South Megan,Sweden,47,Other
730,2024-05-25,New Joseph,Netherlands,46,Male
731,2023-07-16,Christopherland,Sweden,28,Female
732,2024-01-08,East Anthonyview,Belgium,44,Female
733,2024-02-07,Maddenside,Austria,59,Male
734,2025-03-15,Maldonadoview,Germany,56,Other
735,2025-06-12,West Kellyfurt,Austria,30,Other
736,2024-08-24,Pamelaburgh,Germany,19,Male
737,2023-12-12,New Mariah,Belgium,59,Female
738,2024-10-01,Whitemouth,Austria,36,Female
739,2023-09-09,South Kristin,Germany,59,Female
740,2024-02-08,Marcusbury,Austria,20,Other
741,2025-03-01,Cherylbury,Belgium,51,Other
742,2023-07-12,Ericburgh,Germany,64,Male
743,2024-02-05,Gardnerport,Belgium,48,Male
744,2023-12-03,Lake Joshua,Sweden,29,Female
745,2023-09-20,Briannachester,Austria,54,Other
746,2024-11-05,Gutierrezside,Germany,39,Female
747,2025-04-07,New Robert,Germany,50,Other
748,2025-05-13,New Wandabury,Germany,55,Male
749,2024-07-22,Patrickmouth,Netherlands,58,Female
750,2024-10-26,Gardnermouth,Germany,41,Other
751,2024-09-23,West Kaylaville,Austria,37,Male
752,2024-04-17,North Robert,Germany,44,Male
753,2023-11-12,Morenohaven,Germany,31,Other
754,2023-09-09,Allisonberg,Germany,50,Other
755,2025-06-13,Rodriguezview,Austria,36,Female
756,2025-04-16,New Michael,Belgium,24,Male
757,2023-12-21,Markmouth,Sweden,53,Male
758,2024-04-27,Susanfort,Belgium,35,Male
759,2024-04-20,North Tammy,Netherlands,62,Female
760,2024-12-06,New John,Austria,54,Female
761,2024-04-06,Reneefort,Austria,55,Male
762,2025-04-09,Ramirezside,Sweden,63,Male
763,2025-02-19,Port Jordanside,Germany,40,Other
764,2024-10-16,Lake Ryan,Austria,42,Male
765,2025-02-18,New Tonya,Sweden,59,Other
766,2024-09-01,Timothyfort,Sweden,47,Female
767,2023-12-04,South Christopherland,Belgium,43,Other
768,2025-04-27,Aaronburgh,Austria,59,Female
769,2024-10-11,Howardtown,Sweden,46,Other
770,2025-01-02,North Amandabury,Belgium,63,Other
771,2024-03-13,Port William,Germany,56,Other
772,2024-11-09,Juliehaven,Netherlands,29,Other
773,2025-04-02,Powellland,Netherlands,38,Female
774,2024-10-21,North Brandon,Austria,55,Female
775,2023-08-01,Salinasfort,Austria,25,Other
776,2024-03-24,South Sarahburgh,Belgium,20,Male
777,2024-02-29,Port Anthony,Austria,30,Male
778,2023-08-06,East Danielport,Belgium,19,Other
779,2024-09-18,Lake Richard,Germany,63,Other
780,2025-05-31,Scottside,Netherlands,41,Female
781,2024-03-14,East Brittanyport,Netherlands,43,Female
782,2023-08-13,Adammouth,Belgium,35,Male
783,2024-03-20,North Crystalside,Austria,57,Female
784,2025-05-28,West Jenniferfurt,Austria,42,Other
785,2025-05-26,Monicafurt,Germany,37,Female
786,2024-09-11,Lake Alexandria,Austria,33,Other
787,2025-01-12,Molinaville,Belgium,46,Other
788,2025-03-18,East Elizabethland,Belgium,52,Other
789,2024-09-26,West Katrinaberg,Sweden,63,Male
790,2024-11-08,West Paulville,Netherlands,37,Other
791,2024-12-28,East Jacob,Netherlands,47,Other
792,2024-11-09,North Angelamouth,Netherlands,35,Other
793,2024-08-23,Bowenstad,Belgium,24,Male
794,2023-11-18,South Christopher,Sweden,25,Female
795,2025-02-05,Maureenview,Sweden,52,Female
796,2024-01-01,Heidiview,Netherlands,41,Other
797,2025-07-02,West Ginafurt,Austria,63,Male
798,2025-02-23,South Robin,Belgium,54,Female
799,2024-08-16,Josephtown,Belgium,40,Male
800,2023-07-15,Mercadoview,Austria,26,Male
801,2024-12-03,North Annetteberg,Sweden,40,Other
802,2024-12-07,West Jonathan,Austria,34,Other
803,2023-10-16,Lake Sherrybury,Sweden,42,Female
804,2024-08-05,East Brianmouth,Germany,21,Other
805,2024-10-17,Thomasview,Germany,31,Female
806,2023-12-26,New Michelleshire,Germany,31,Female
807,2023-12-03,Cuevasmouth,Austria,25,Male
808,2023-09-28,Woodwardchester,Sweden,49,Other
809,2025-03-04,West Sharon,Belgium,62,Other
810,2025-03-25,Elizabethville,Germany,35,Female
811,2025-06-21,North Daniel,Netherlands,46,Female
812,2024-07-06,Christophertown,Belgium,28,Other
813,2024-06-12,Powellfurt,Belgium,41,Other
814,2024-03-08,West Robertbury,Austria,40,Male
815,2023-11-03,Smithview,Belgium,52,Male
816,2024-06-30,Veronicachester,Belgium,43,Female
817,2025-01-30,Lake Ruth,Germany,63,Other
818,2024-12-01,Salinasfurt,Belgium,44,Female
819,2023-07-17,West Kathrynview,Sweden,60,Other
820,2025-05-14,Johnsonbury,Sweden,19,Other
821,2024-01-26,Kathleenshire,Netherlands,47,Female
822,2024-12-29,New Kevinland,Netherlands,50,Male
823,2025-06-26,Jonathanland,Germany,35,Female
824,2025-05-15,Joshuamouth,Germany,43,Other
825,2025-04-18,South Ryanland,Germany,20,Other
826,2023-12-09,North Melissaland,Belgium,23,Other
827,2023-07-13,West William,Germany,61,Other
828,2024-02-03,Johntown,Sweden,42,Female
829,2023-09-10,Maryfort,Sweden,42,Male
830,2024-10-12,South Johnbury,Austria,56,Male
831,2024-04-03,Faithbury,Sweden,31,Other
832,2025-01-06,East Rodney,Austria,35,Female
833,2024-06-23,Port Kathleen,Belgium,27,Other
834,2025-03-16,Rodriguezland,Sweden,30,Female
835,2024-09-25,Lake Allisonside,Netherlands,25,Female
836,2025-02-01,Kimview,Belgium,50,Female
837,2024-03-15,Manningland,Austria,64,Other
838,2025-04-18,Huntburgh,Belgium,61,Other
839,2024-07-17,New Richard,Sweden,42,Male
840,2024-08-15,Patriciamouth,Netherlands,25,Female
841,2025-04-02,Markhaven,Austria,55,Male
842,2025-04-12,North Jordan,Sweden,58,Female
843,2024-04-26,South Mark,Austria,38,Other
844,2024-11-03,Port Erinburgh,Germany,41,Other
845,2024-11-21,Parkton,Sweden,40,Male
846,2025-04-06,Lake Cherylshire,Belgium,60,Male
847,2024-01-04,Tiffanyfort,Belgium,47,Female
848,2024-05-02,Port Amy,Netherlands,62,Other
849,2025-06-08,Nicholsonville,Netherlands,23,Other
850,2025-02-19,Lake Jasonberg,Germany,55,Other
851,2024-04-27,North Amy,Austria,31,Male
852,2024-07-07,Williamtown,Austria,48,Other
853,2024-04-06,Cynthiaview,Austria,64,Male
854,2024-08-18,Jamiestad,Sweden,37,Male
855,2024-11-18,Kimberlyburgh,Germany,55,Female
856,2025-06-24,Whiteview,Austria,20,Other
857,2024-08-19,Smithtown,Austria,59,Other
858,2025-01-31,Stewartberg,Belgium,28,Other
859,2024-09-07,South Jared,Netherlands,45,Female
860,2025-05-12,North Sarahstad,Austria,56,Male
861,2024-12-01,Cherylland,Sweden,24,Female
862,2025-04-09,Perkinshaven,Netherlands,59,Other
863,2024-12-22,Lake Michaelport,Belgium,32,Male
864,2024-06-28,Reyeston,Netherlands,58,Female
865,2025-01-25,New Allen,Belgium,23,Male
866,2024-01-30,Hernandezborough,Sweden,19,Other
867,2024-04-24,West Brittanyton,Austria,50,Female
868,2025-03-19,Markchester,Sweden,46,Male
869,2024-04-09,East Ashleyton,Austria,54,Female
870,2023-10-08,Lynchland,Germany,34,Female
871,2025-06-24,South Andrechester,Germany,38,Other
872,2024-10-26,Danielborough,Austria,23,Male
873,2024-01-18,South Amber,Sweden,20,Other
874,2024-07-28,South Jonathanville,Germany,33,Other
875,2024-03-26,Johnsonhaven,Austria,55,Other
876,2024-09-06,South Linda,Netherlands,52,Female
877,2023-10-06,Colemanburgh,Sweden,25,Female
878,2024-09-27,Saratown,Belgium,45,Female
879,2024-06-14,South Marisashire,Belgium,26,Other
880,2025-04-06,Nelsonport,Sweden,38,Other
881,2025-05-09,Cruzton,Germany,58,Other
882,2024-06-22,South Jared,Germany,35,Other
883,2023-10-27,Mooremouth,Netherlands,18,Male
884,2024-10-07,Burgessview,Austria,62,Male
885,2024-07-13,West Dianetown,Austria,20,Other
886,2024-07-28,Salazarmouth,Austria,56,Other
887,2023-08-13,East Ryan,Germany,57,Female
888,2024-06-01,Jeffreychester,Belgium,42,Male
889,2024-12-28,Christopherport,Sweden,51,Male
890,2023-11-23,Allenchester,Belgium,31,Other
891,2025-03-11,Thomashaven,Germany,41,Other
892,2023-12-26,Port Francisco,Sweden,52,Female
893,2024-10-25,Barkerchester,Sweden,44,Other
894,2024-03-19,Patriciamouth,Austria,28,Female
895,2025-04-06,Morgantown,Germany,37,Male
896,2024-07-14,East Kristinbury,Austria,52,Male
897,2025-02-27,South Alyssaborough,Austria,63,Female
898,2024-03-02,South Stephanie,Austria,31,Other
899,2024-08-22,Mataborough,Belgium,26,Female
900,2024-11-18,Brettburgh,Netherlands,57,Male
901,2023-10-22,Payneview,Netherlands,62,Male
902,2024-10-01,New Brad,Sweden,28,Other
903,2025-02-26,New Brandonland,Netherlands,42,Female
904,2023-08-07,Port Barbaraborough,Germany,58,Male
905,2024-05-21,East Allisonmouth,Germany,56,Other
906,2025-01-10,Ashleyburgh,Austria,47,Other
907,2025-04-15,Port Erinstad,Netherlands,34,Male
908,2023-08-06,Port Suzanneshire,Sweden,61,Other
909,2025-01-18,Port Tiffanyhaven,Netherlands,54,Female
910,2025-03-30,Janetside,Sweden,39,Other
911,2024-08-28,Cherylchester,Sweden,63,Other
912,2024-02-04,Brianhaven,Germany,53,Other
913,2025-01-30,North Bridgetfurt,Belgium,47,Other
914,2024-12-07,Amandaview,Sweden,19,Male
915,2025-02-01,Garciaville,Austria,61,Female
916,2025-03-12,Morrisville,Austria,59,Male
917,2024-10-22,North Caroline,Sweden,49,Male
918,2024-07-10,Carterville,Sweden,35,Male
919,2025-01-05,Blackburntown,Austria,63,Female
920,2024-11-20,East Jocelynbury,Netherlands,49,Male
921,2024-05-10,Johnside,Belgium,51,Male
922,2025-03-17,Rachelville,Sweden,43,Male
923,2025-04-16,West Donnafurt,Netherlands,20,Male
924,2024-08-10,Petersville,Belgium,62,Female
925,2025-03-28,North Jennifer,Germany,25,Other
926,2025-01-26,Johnborough,Austria,32,Female
927,2024-04-24,Stuartton,Netherlands,50,Male
928,2024-06-29,Lake Markport,Sweden,62,Male
929,2025-06-29,Christinaborough,Netherlands,44,Other
930,2025-07-03,North Justin,Belgium,25,Other
931,2023-07-26,Christinafort,Belgium,54,Other
932,2024-05-12,Paulview,Austria,43,Other
933,2024-01-13,Lake Jamestown,Netherlands,49,Female
934,2023-11-15,West Nicole,Austria,57,Female
935,2023-12-18,Kellyborough,Austria,45,Other
936,2024-03-14,Gailstad,Sweden,20,Male
937,2025-04-07,Port Russell,Belgium,56,Other
938,2025-03-19,Richardview,Sweden,30,Male
939,2025-01-30,Lake Nathaniel,Germany,35,Female
940,2024-04-13,New Williamborough,Sweden,44,Other
941,2024-03-19,North Crystal,Sweden,63,Female
942,2024-05-23,Janetberg,Netherlands,53,Male
943,2025-04-16,Johnsonchester,Germany,36,Other
944,2024-10-31,East Jasmineport,Sweden,41,Other
945,2024-01-16,East Jonathan,Austria,26,Other
946,2025-05-19,Costaville,Sweden,29,Male
947,2024-12-26,Combshaven,Netherlands,35,Male
948,2023-10-04,North Megan,Belgium,54,Male
949,2024-08-03,Rossburgh,Germany,37,Female
950,2025-01-27,North Matthew,Austria,24,Female
951,2024-09-05,Jonesstad,Germany,55,Male
952,2024-12-16,Brownfurt,Netherlands,44,Male
953,2024-02-10,Hillstad,Netherlands,19,Other
954,2024-03-13,Ashleyland,Germany,33,Other
955,2023-11-11,Rossland,Germany,27,Female
956,2024-05-27,Robertshire,Sweden,27,Male
957,2025-02-20,Lake Joel,Sweden,44,Other
958,2025-05-13,Lake Candaceland,Austria,58,Male
959,2025-05-29,Anthonyburgh,Netherlands,31,Other
960,2024-04-28,Lake Jack,Belgium,21,Female
961,2024-03-14,Port Diamond,Germany,62,Other
962,2023-12-29,New Justin,Belgium,50,Female
963,2023-08-24,Lake Sharon,Netherlands,61,Female
964,2025-05-10,East Christopherland,Netherlands,48,Female
965,2024-12-04,Lake Ryan,Sweden,32,Other
966,2023-07-12,Floresland,Belgium,55,Female
967,2023-11-25,Markport,Belgium,57,Male
968,2025-03-29,West Jessehaven,Austria,43,Male
969,2024-12-31,Port Travisview,Netherlands,51,Other
970,2024-11-12,Brooksland,Belgium,54,Female
971,2024-01-25,Jennifertown,Belgium,50,Male
972,2023-11-22,West Jillianton,Sweden,41,Other
973,2025-05-13,North Caleb,Netherlands,50,Other
974,2024-07-11,Dunlapport,Belgium,53,Male
975,2023-10-10,South Calvin,Belgium,40,Male
976,2025-04-29,Carsonmouth,Sweden,62,Male
977,2023-08-15,Richardtown,Belgium,62,Male
978,2024-08-20,New Melissa,Belgium,63,Male
979,2025-05-19,East Jacob,Belgium,28,Male
980,2024-09-06,Jesusfort,Germany,22,Other
981,2025-07-06,Rhondamouth,Sweden,35,Female
982,2024-02-18,West Dean,Sweden,27,Other
983,2024-09-28,South Kimberly,Germany,59,Other
984,2024-12-09,Joyshire,Austria,45,Male
985,2024-11-26,Lake Levistad,Belgium,41,Male
986,2025-04-15,Chandlerport,Austria,64,Female
987,2025-04-19,Robertsshire,Germany,38,Other
988,2024-10-25,New Ana,Belgium,49,Male
989,2025-06-14,New Jason,Austria,23,Female
990,2023-12-22,Rickyland,Belgium,44,Female
991,2023-09-28,Jorgefort,Belgium,59,Female
992,2023-09-22,North Sylviamouth,Netherlands,52,Other
993,2025-05-31,Ericfort,Germany,27,Other
994,2023-10-21,South Jenniferhaven,Germany,53,Male
995,2023-09-13,Port Loristad,Netherlands,30,Female
996,2023-11-15,West Molly,Belgium,52,Other
997,2023-08-29,Sherryberg,Sweden,56,Other
998,2024-04-15,Christopherview,Germany,41,Other
999,2024-11-06,West Elizabethburgh,Netherlands,38,Female
1000,2024-11-03,New Ericchester,Austria,38,Male
1001,2025-07-02,Janetfurt,Austria,26,Other
1002,2023-08-22,Port Rebeccamouth,Germany,63,Male
1003,2023-11-26,Jeremyhaven,Sweden,32,Other
1004,2024-09-19,North Stephanieshire,Netherlands,24,Male
1005,2024-08-21,Williamsview,Germany,39,Female
1006,2023-09-09,Jonesmouth,Germany,43,Other
1007,2024-11-08,Maryberg,Austria,56,Male
1008,2023-12-21,West Ryan,Netherlands,25,Other
1009,2024-12-10,East Lawrencemouth,Belgium,50,Male
1010,2024-08-17,Port William,Belgium,29,Male
1011,2025-06-02,Bernardport,Belgium,60,Male
1012,2023-09-13,Patrickhaven,Austria,36,Other
1013,2024-10-15,North Sheriland,Belgium,25,Female
1014,2024-08-16,South Anthony,Netherlands,63,Female
1015,2024-08-10,Franciscoville,Sweden,54,Male
1016,2023-08-27,New Jenniferview,Germany,40,Other
1017,2024-07-10,New Jamesberg,Austria,41,Female
1018,2025-05-22,East Heatherchester,Belgium,18,Female
1019,2023-12-19,North Scottburgh,Sweden,23,Male
1020,2023-10-02,Currybury,Germany,59,Male
1021,2024-06-10,Tiffanybury,Netherlands,45,Male
1022,2023-08-17,Lisaborough,Germany,59,Other
1023,2023-11-25,North Dustinberg,Austria,59,Male
1024,2024-03-05,Port Christopher,Austria,59,Female
1025,2024-08-20,Clarkshire,Germany,38,Other
1026,2024-01-08,Aaronbury,Germany,51,Female
1027,2024-10-03,West Evan,Netherlands,30,Female
1028,2024-04-15,Christopherbury,Sweden,26,Male
1029,2023-11-25,Jasonborough,Netherlands,49,Other
1030,2023-09-19,Pearsonbury,Belgium,47,Male
1031,2024-08-20,East Sabrina,Netherlands,41,Other
1032,2024-03-16,South Diana,Austria,24,Female
1033,2023-09-22,East Thomasfurt,Germany,59,Female
1034,2024-05-05,North Nathantown,Austria,54,Other
1035,2024-01-23,Holmesview,Austria,49,Female
1036,2023-07-22,South Charleshaven,Belgium,62,Male
1037,2024-11-08,Wilsontown,Sweden,46,Male
1038,2023-07-15,Kristinberg,Sweden,31,Female
1039,2025-07-05,Meganstad,Belgium,33,Other
1040,2025-05-19,East Patrickmouth,Sweden,33,Male
1041,2024-10-08,Barryview,Netherlands,43,Female
1042,2023-11-09,Mccoyfort,Austria,31,Male
1043,2024-02-18,Torresmouth,Sweden,33,Other
1044,2024-12-24,Ericmouth,Belgium,47,Male
1045,2025-06-01,Shariborough,Austria,49,Male
1046,2024-11-07,Hartfurt,Sweden,53,Other
1047,2025-02-26,South James,Netherlands,61,Female
1048,2024-04-08,South Matthew,Sweden,46,Male
1049,2024-08-19,South Robert,Germany,63,Male
1050,2023-09-28,West Stephanie,Belgium,30,Other
1051,2023-12-27,Grahamchester,Austria,64,Other
1052,2023-08-24,Lake Emily,Germany,27,Male
1053,2025-02-17,Lindsayside,Sweden,25,Male
1054,2024-01-14,East Joseph,Austria,38,Male
1055,2023-09-12,Timothyberg,Sweden,23,Male
1056,2024-07-22,North Steven,Germany,38,Female
1057,2025-04-04,Nashview,Austria,64,Female
1058,2024-09-11,West John,Sweden,50,Female
1059,2024-04-26,Janetchester,Sweden,42,Male
1060,2025-05-28,Kristophermouth,Netherlands,60,Male
1061,2023-12-30,Matthewside,Sweden,63,Female
1062,2023-07-10,Stevenmouth,Austria,50,Female
1063,2024-09-05,Katherineside,Sweden,44,Female
1064,2024-06-27,Lake Samuelland,Sweden,50,Male
1065,2025-05-10,Port Amy,Austria,44,Male
1066,2024-03-22,Perryborough,Austria,25,Male
1067,2025-03-26,West Rebeccaside,Sweden,48,Male
1068,2025-04-19,Daltonside,Germany,63,Other
1069,2024-03-24,Port Tracyborough,Germany,56,Female
1070,2023-08-04,Baileychester,Belgium,54,Female
1071,2025-05-26,South Timothyland,Netherlands,45,Other
1072,2025-05-06,West Jon,Sweden,46,Male
1073,2024-03-29,Martinberg,Belgium,53,Female
1074,2025-03-25,North Shirleymouth,Germany,56,Other
1075,2025-03-24,Riverachester,Austria,21,Male
1076,2024-09-25,New David,Netherlands,28,Other
1077,2023-11-24,Heatherport,Netherlands,18,Male
1078,2023-12-15,Blackwellport,Austria,58,Male
1079,2024-08-31,Hallshire,Belgium,64,Other
1080,2024-11-14,New Seanborough,Netherlands,26,Other
1081,2023-11-19,North James,Netherlands,55,Male
1082,2024-08-20,Port Andrea,Belgium,42,Male
1083,2024-11-29,South Bonnieside,Netherlands,59,Other
1084,2025-03-19,Sarahside,Germany,54,Other
1085,2023-10-10,Johnsonhaven,Germany,30,Female
1086,2025-04-27,East Davidland,Germany,41,Other
1087,2023-09-13,New Sarahberg,Netherlands,25,Female
1088,2025-04-20,Jamesborough,Netherlands,31,Male
1089,2023-09-07,Port Tiffany,Netherlands,53,Female
1090,2024-03-26,Lake Sherriland,Austria,21,Other
1091,2025-02-04,Lake Mark,Austria,43,Male
1092,2023-12-18,Lake Julie,Germany,31,Female
1093,2024-01-13,East Rebecca,Belgium,26,Other
1094,2023-10-10,Port Sandy,Sweden,37,Male
1095,2024-01-23,West Johnnymouth,Germany,26,Male
1096,2023-12-24,New Abigailbury,Austria,64,Female
1097,2023-09-01,Leonville,Sweden,61,Female
1098,2024-06-22,Port Veronicaland,Belgium,62,Other
1099,2024-01-04,Whiteview,Germany,18,Male
1100,2025-01-14,Rodriguezland,Sweden,31,Other
1101,2025-01-29,Roblesland,Austria,55,Other
1102,2023-10-28,Jonesborough,Austria,25,Male
1103,2023-10-03,Port Dawnport,Netherlands,45,Other
1104,2025-05-30,South Briantown,Germany,26,Male
1105,2023-10-06,West Marcus,Austria,24,Male
1106,2025-03-05,North Jennifer,Belgium,34,Male
1107,2024-09-22,Lake Jeffrey,Austria,31,Other
1108,2025-02-05,Jeffreyshire,Sweden,23,Female
1109,2023-08-31,Port Patriciabury,Sweden,28,Female
1110,2024-08-11,Robertville,Belgium,47,Female
1111,2024-07-18,Gouldmouth,Austria,64,Female
1112,2023-09-30,West John,Austria,59,Male
1113,2024-07-19,Barnesburgh,Belgium,61,Female
1114,2023-11-01,Brianhaven,Austria,29,Female
1115,2025-02-07,Port Jaclyn,Belgium,52,Other
1116,2024-10-26,North Jon,Netherlands,22,Female
1117,2024-06-07,Huangview,Austria,43,Male
1118,2024-02-06,Solomonmouth,Belgium,62,Other
1119,2025-03-24,Williamsport,Sweden,30,Male
1120,2024-08-14,Kevinbury,Netherlands,30,Male
1121,2024-12-23,West Ryan,Belgium,56,Female
1122,2025-06-16,Robertport,Germany,49,Female
1123,2024-06-30,New Kristin,Belgium,45,Male
1124,2023-10-18,Port Randy,Belgium,18,Male
1125,2024-02-12,North Johnnyville,Belgium,55,Female
1126,2025-03-10,Sabrinashire,Germany,34,Other
1127,2024-06-08,West Tabitha,Sweden,21,Male
1128,2023-07-09,Shafferstad,Germany,62,Female
1129,2023-11-28,Cordovashire,Netherlands,45,Female
1130,2024-03-14,Obrienport,Netherlands,53,Other
1131,2024-11-27,Cunninghamshire,Austria,37,Female
1132,2024-11-26,North Samanthamouth,Sweden,30,Female
1133,2024-04-14,North Hannahstad,Netherlands,42,Male
1134,2025-04-30,Bradshawburgh,Belgium,27,Male
1135,2023-09-21,Shawnstad,Netherlands,55,Other
1136,2023-12-24,East Karenfurt,Belgium,29,Female
1137,2023-10-07,East Robertside,Sweden,21,Other
1138,2025-02-05,Brandonton,Sweden,33,Male
1139,2024-06-21,North Darrylfort,Netherlands,40,Other
1140,2023-08-30,East Holly,Netherlands,63,Female
1141,2024-11-11,North Andrewside,Netherlands,23,Male
1142,2025-03-17,Lake Amyton,Belgium,56,Female
1143,2023-11-10,East Sarahborough,Germany,47,Female
1144,2024-10-22,South Danielview,Netherlands,56,Male
1145,2023-11-16,South Tamara,Sweden,34,Male
1146,2024-08-12,South Hollyburgh,Sweden,38,Male
1147,2025-04-03,Jessicaton,Austria,37,Female
1148,2025-01-30,Port Gloriaville,Sweden,35,Male
1149,2024-03-04,Jennifertown,Austria,36,Female
1150,2025-06-12,New Wesley,Austria,25,Male
1151,2024-11-11,Port Johnberg,Germany,18,Female
1152,2024-06-27,Port Stephenside,Sweden,62,Female
1153,2024-05-26,North Wayneside,Sweden,55,Female
1154,2024-08-09,Port Jasonview,Sweden,19,Female
1155,2025-05-15,Hoganchester,Sweden,56,Other
1156,2024-05-24,South Christopherbury,Germany,33,Female
1157,2023-11-02,West Jesse,Germany,44,Male
1158,2024-02-03,Kristietown,Belgium,26,Male
1159,2023-09-03,South Justin,Sweden,28,Male
1160,2024-12-18,Meganfurt,Belgium,49,Other
1161,2024-05-15,Lake Timothyburgh,Belgium,30,Other
1162,2024-12-15,Pamelatown,Germany,50,Male
1163,2023-09-17,Jillfort,Belgium,27,Other
1164,2025-03-14,Lake Kellyfort,Sweden,24,Other
1165,2024-07-25,West Christyberg,Belgium,25,Female
1166,2024-12-01,New Derekhaven,Netherlands,45,Other
1167,2025-01-13,Lake Alexis,Netherlands,22,Female
1168,2024-07-08,Port Ray,Austria,49,Other
1169,2024-04-21,North Robertburgh,Belgium,46,Female
1170,2024-02-27,Fosterside,Sweden,58,Male
1171,2023-08-27,North Joannafurt,Sweden,58,Female
1172,2024-02-14,Davidside,Belgium,22,Female
1173,2025-02-10,Garrettmouth,Germany,27,Female
1174,2024-04-03,East Margarettown,Sweden,64,Male
1175,2024-03-23,West Danieltown,Austria,41,Male
1176,2023-07-22,Port Robert,Netherlands,34,Other
1177,2025-03-01,South Jennifershire,Sweden,54,Other
1178,2024-10-16,Amberfurt,Germany,34,Male
1179,2024-11-11,Kathybury,Austria,43,Male
1180,2024-08-11,Penningtonstad,Austria,26,Female
1181,2024-03-20,Lake Raymondchester,Germany,44,Other
1182,2023-08-14,East Shane,Belgium,26,Female
1183,2024-06-12,New Andrechester,Belgium,64,Other
1184,2023-10-14,Marshallton,Netherlands,40,Other
1185,2024-08-04,Ashleyport,Austria,41,Male
1186,2024-08-27,Joshuashire,Sweden,26,Male
1187,2024-06-06,Elizabethmouth,Austria,22,Other
1188,2023-09-11,Quinnborough,Belgium,52,Male
1189,2024-10-08,New Ronaldfurt,Sweden,29,Other
1190,2025-01-12,Hollyburgh,Austria,38,Male
1191,2025-04-01,West Kevin,Austria,47,Male
1192,2023-11-13,Sanchezbury,Belgium,29,Female
1193,2023-09-15,Lake Danny,Netherlands,59,Other
1194,2024-04-10,West Ebonyville,Belgium,24,Female
1195,2025-05-06,Michellemouth,Sweden,64,Male
1196,2023-09-06,Dunnmouth,Sweden,21,Female
1197,2024-09-28,West Patriciafurt,Germany,29,Other
1198,2025-04-09,West Michaelville,Belgium,42,Female
1199,2023-10-24,West Sharon,Germany,35,Other
1200,2024-08-11,Laurenberg,Germany,51,Female
1201,2024-08-10,Daltonland,Netherlands,39,Other
1202,2023-11-21,Allenside,Sweden,43,Other
1203,2024-11-17,East Larryland,Netherlands,33,Other
1204,2024-02-11,West Michael,Germany,38,Male
1205,2024-12-28,Parkerland,Sweden,37,Other
1206,2024-07-23,North Ashley,Netherlands,27,Female
1207,2024-10-25,East Taylor,Austria,22,Female
1208,2025-03-21,New Dennisport,Sweden,64,Female
1209,2024-05-19,Davistown,Netherlands,23,Female
1210,2025-05-28,Amberton,Sweden,58,Other
1211,2024-07-01,South Sherry,Germany,45,Other
1212,2024-09-10,Barkerfurt,Sweden,32,Female
1213,2025-02-04,Waltonmouth,Netherlands,50,Female
1214,2023-11-06,Danielleport,Netherlands,28,Other
1215,2024-12-31,West Bradleymouth,Belgium,19,Male
1216,2024-11-15,North Jeffery,Austria,50,Other
1217,2024-05-14,Boydville,Germany,21,Male
1218,2025-06-25,North Rodney,Sweden,63,Other
1219,2024-11-01,East Michaelbury,Belgium,63,Female
1220,2024-01-11,Danielfurt,Netherlands,60,Female
1221,2025-05-29,East Virginia,Netherlands,38,Female
1222,2023-12-28,East Daniel,Sweden,56,Male
1223,2024-05-19,Guzmanland,Austria,64,Male
1224,2025-02-03,South Jacquelinebury,Germany,22,Other
1225,2023-11-20,Buchananmouth,Sweden,29,Other
1226,2023-10-20,West Ryanfort,Belgium,35,Other
1227,2023-12-13,Justinview,Germany,51,Other
1228,2023-11-22,North Lindseyport,Belgium,38,Male
1229,2024-06-07,Vazquezport,Austria,62,Female
1230,2024-06-28,West Laurabury,Sweden,43,Other
1231,2024-11-30,Morrisport,Sweden,23,Female
1232,2024-03-22,Elizabethstad,Austria,24,Male
1233,2025-05-10,Jacksonland,Netherlands,30,Female
1234,2023-11-08,Jameschester,Belgium,32,Other
1235,2024-04-21,Hopkinsstad,Belgium,46,Other
1236,2024-11-04,South Amanda,Germany,36,Male
1237,2024-08-29,Lukeshire,Sweden,59,Female
1238,2023-11-27,North Laurenside,Germany,59,Female
1239,2024-06-24,North Brookeborough,Belgium,45,Other
1240,2023-12-05,Erinchester,Sweden,42,Other
1241,2025-03-19,Davemouth,Sweden,25,Female
1242,2024-04-15,Braunhaven,Sweden,55,Other
1243,2025-02-09,Julialand,Sweden,45,Male
1244,2024-11-13,New Deniseville,Belgium,28,Male
1245,2024-10-04,Lake Marcus,Belgium,54,Other
1246,2023-11-06,Martinview,Belgium,61,Female
1247,2025-02-27,New Brittneyborough,Sweden,31,Other
1248,2024-08-30,Port Christopher,Germany,48,Female
1249,2023-11-06,Kirstenberg,Belgium,29,Female
1250,2025-05-01,Harringtonside,Germany,37,Male
1251,2025-01-09,Keithfurt,Austria,61,Other
1252,2024-02-28,East Sarah,Netherlands,49,Other
1253,2024-11-07,Brittanyfort,Sweden,63,Male
1254,2024-06-22,Lake Donna,Netherlands,24,Female
1255,2025-02-15,North David,Netherlands,28,Female
1256,2024-02-17,Judyberg,Austria,64,Male
1257,2024-08-18,Burgessport,Austria,47,Female
1258,2024-06-20,Huntside,Austria,55,Other
1259,2024-05-19,Hahnburgh,Belgium,59,Male
1260,2024-11-19,East Maryland,Sweden,53,Female
1261,2025-04-20,Dorseyport,Belgium,38,Male
1262,2025-03-15,West Kimberlybury,Belgium,56,Other
1263,2025-02-22,New Lisamouth,Austria,31,Female
1264,2024-08-08,West Marystad,Germany,30,Female
1265,2023-07-24,North Jessica,Netherlands,57,Other
1266,2023-09-28,Vickiefurt,Germany,35,Male
1267,2023-11-27,Davidfort,Sweden,35,Female
1268,2024-02-23,Port Andre,Austria,54,Other
1269,2025-07-04,North Betty,Germany,51,Female
1270,2023-07-13,North Susanmouth,Germany,43,Male
1271,2025-02-23,Washingtonfurt,Belgium,42,Other
1272,2024-05-26,West Marthaview,Netherlands,61,Female
1273,2023-10-02,Port Timothyton,Germany,36,Female
1274,2025-07-07,Lake Joshua,Sweden,23,Other
1275,2024-03-21,Port Raymondburgh,Austria,58,Female
1276,2024-08-26,West Randallville,Germany,64,Other
1277,2023-10-28,West Franciscoburgh,Austria,58,Female
1278,2023-09-05,New Joseph,Netherlands,45,Other
1279,2024-04-07,Williamshaven,Germany,32,Male
1280,2023-12-22,Richardtown,Belgium,48,Male
1281,2023-07-22,North Dorothyview,Sweden,48,Other
1282,2025-06-17,Beltranmouth,Germany,24,Other
1283,2024-12-22,Port Richard,Germany,56,Other
1284,2024-03-17,Port Evelyn,Germany,41,Male
1285,2025-06-25,Lake Anthonyborough,Austria,21,Male
1286,2023-09-22,South Melissafort,Sweden,31,Female
1287,2024-06-09,Williamville,Belgium,57,Female
1288,2023-11-06,West Barbaramouth,Belgium,45,Male
1289,2024-07-08,Lake Juliemouth,Belgium,46,Female
1290,2025-01-22,South Stephanietown,Belgium,48,Other
1291,2023-11-23,Richardberg,Netherlands,35,Male
1292,2023-10-29,Boydbury,Sweden,47,Female
1293,2023-11-05,Port Ralphmouth,Netherlands,60,Other
1294,2023-09-02,Valeriestad,Netherlands,30,Other
1295,2025-02-27,Port Angelashire,Sweden,44,Female
1296,2023-11-14,Mayoland,Belgium,34,Other
1297,2024-09-10,South Luis,Netherlands,36,Male
1298,2024-05-01,South Kimberlymouth,Austria,44,Female
1299,2024-02-04,East Dianaport,Austria,62,Other
1300,2023-08-22,North Nicholasville,Austria,39,Female
1301,2023-07-11,East Caitlin,Netherlands,20,Female
1302,2024-05-12,Saunderschester,Belgium,49,Female
1303,2025-02-06,Brianchester,Belgium,25,Male
1304,2023-12-20,Hayesshire,Netherlands,23,Female
1305,2025-05-18,South Jamesside,Sweden,21,Female
1306,2025-03-21,Yufurt,Germany,53,Male
1307,2024-07-30,Lake Susanmouth,Netherlands,23,Other
1308,2024-10-25,South Stephanie,Belgium,63,Female
1309,2024-01-20,Lake Jayside,Austria,38,Male
1310,2025-01-15,Josephfurt,Germany,43,Female
1311,2024-09-02,Lake Melissachester,Sweden,33,Other
1312,2024-08-04,South Andrea,Austria,59,Male
1313,2024-08-20,Coopershire,Austria,47,Female
1314,2024-09-04,Elizabethhaven,Netherlands,46,Male
1315,2025-03-03,New Edward,Sweden,37,Male
1316,2025-05-22,Nicolemouth,Austria,37,Male
1317,2023-11-09,Gregoryberg,Germany,27,Other
1318,2025-04-19,Lake Franciscomouth,Sweden,59,Male
1319,2024-11-18,New Brianashire,Germany,63,Male
1320,2023-12-12,Meadowsstad,Sweden,50,Male
1321,2023-08-07,Rachelburgh,Sweden,46,Female
1322,2023-11-01,Ramirezside,Belgium,46,Male
1323,2025-04-18,North Gary,Belgium,51,Male
1324,2024-08-19,Port Anthony,Belgium,51,Female
1325,2024-10-11,Carlmouth,Austria,57,Other
1326,2023-10-02,Faulknerview,Sweden,30,Female
1327,2025-03-24,Rebeccachester,Germany,49,Female
1328,2023-09-17,New Shannon,Sweden,45,Female
1329,2023-07-26,Port Williambury,Germany,18,Other
1330,2024-12-08,Sarahshire,Austria,38,Female
1331,2025-03-06,Port Rita,Belgium,33,Female
1332,2024-04-14,Port Mikeshire,Netherlands,56,Male
1333,2024-11-07,Davidbury,Belgium,24,Female
1334,2024-02-25,North Michaelbury,Germany,43,Other
1335,2024-01-15,Port Kari,Sweden,45,Male
1336,2023-08-04,West Arianachester,Germany,20,Male
1337,2024-09-12,Port Andrewstad,Sweden,56,Other
1338,2024-12-26,Reedstad,Austria,27,Other
1339,2025-05-11,Romanmouth,Germany,30,Male
1340,2023-12-25,Brandiport,Netherlands,37,Other
1341,2025-02-08,Fuentesfurt,Belgium,24,Female
1342,2023-08-16,West Jessica,Germany,18,Female
1343,2023-07-28,Lake Jessica,Sweden,50,Female
1344,2024-01-07,Ashleyview,Belgium,30,Female
1345,2023-12-09,Jasontown,Germany,18,Female
1346,2024-04-15,New Christine,Belgium,43,Female
1347,2024-10-09,Port Jennifer,Austria,47,Male
1348,2024-01-23,South Keith,Austria,57,Female
1349,2025-02-16,East Andrea,Netherlands,21,Male
1350,2024-12-10,New Catherine,Sweden,34,Male
1351,2024-10-19,East Karaport,Germany,28,Other
1352,2023-11-25,Wagnerhaven,Austria,35,Female
1353,2024-12-21,Lake Erica,Germany,52,Male
1354,2025-01-06,Davidside,Belgium,54,Other
1355,2023-11-01,South Anthony,Sweden,31,Female
1356,2024-11-10,Adamsborough,Belgium,24,Other
1357,2024-03-05,Andersonberg,Netherlands,45,Other
1358,2025-02-14,Lake Julia,Germany,28,Female
1359,2024-02-01,New Davidbury,Austria,22,Female
1360,2023-08-30,North Angelabury,Netherlands,44,Male
1361,2025-04-27,Dicksonport,Netherlands,62,Male
1362,2024-07-29,Georgestad,Germany,18,Male
1363,2024-01-06,Matthewburgh,Germany,42,Male
1364,2024-04-14,New Aaron,Austria,57,Male
1365,2024-08-31,New Steven,Netherlands,60,Other
1366,2025-05-05,Hillfurt,Belgium,55,Female
1367,2025-06-07,North Rodneystad,Sweden,51,Other
1368,2024-01-17,Annettemouth,Sweden,56,Female
1369,2024-12-09,Lake Michaelbury,Austria,18,Female
1370,2024-04-02,North Deborahfort,Sweden,29,Other
1371,2024-09-15,Port Tara,Sweden,60,Female
1372,2023-08-22,Castilloberg,Belgium,52,Male
1373,2023-12-21,Port Henrymouth,Netherlands,36,Male
1374,2023-08-18,Blevinsland,Belgium,53,Female
1375,2023-11-22,Christianfurt,Netherlands,61,Female
1376,2024-03-19,Banksview,Germany,56,Male
1377,2024-02-17,South Zacharyville,Belgium,42,Male
1378,2023-07-29,Robertport,Belgium,64,Male
1379,2024-03-14,Michaelmouth,Netherlands,49,Female
1380,2024-10-14,North Lauraview,Sweden,41,Male
1381,2024-08-28,Lake Ericfort,Austria,52,Female
1382,2024-07-12,Sarabury,Belgium,36,Other
1383,2025-04-11,Garyfurt,Netherlands,59,Other
1384,2025-04-21,West Sean,Austria,21,Female
1385,2025-06-23,Johnbury,Germany,45,Male
1386,2024-09-15,North Michelle,Austria,50,Male
1387,2023-09-12,Clarkburgh,Netherlands,20,Other
1388,2024-08-20,Lake Leslieburgh,Netherlands,40,Other
1389,2025-04-19,Valerieland,Austria,34,Female
1390,2025-04-14,Raymondmouth,Sweden,24,Male
1391,2023-12-27,Mcintyreland,Austria,20,Other
1392,2023-09-23,Sallyborough,Sweden,23,Female
1393,2024-01-07,East Michealchester,Austria,34,Male
1394,2025-05-09,Joshuashire,Netherlands,43,Male
1395,2025-04-09,Stephaniemouth,Austria,57,Male
1396,2025-06-12,South Elizabethville,Netherlands,38,Male
1397,2024-05-17,Port Kennethfurt,Austria,25,Other
1398,2024-11-25,South Josephshire,Germany,52,Female
1399,2023-11-24,Lake Kaylaside,Belgium,23,Male
1400,2023-07-28,Matthewburgh,Germany,45,Other
1401,2025-05-28,Darylland,Germany,49,Other
1402,2024-12-12,East Colleen,Austria,49,Other
1403,2024-03-12,Oconnorhaven,Belgium,37,Female
1404,2024-11-05,North Debraville,Sweden,21,Other
1405,2024-11-15,Lake Samueltown,Germany,46,Female
1406,2025-01-26,Lambertport,Sweden,19,Other
1407,2024-07-14,Michaelview,Austria,37,Other
1408,2023-11-13,Port Christinastad,Austria,26,Male
1409,2025-05-08,New Stephaniefurt,Germany,64,Female
1410,2023-07-16,Lake Jasonton,Austria,24,Male
1411,2024-01-20,Lake Katherine,Belgium,18,Male
1412,2025-01-02,West Lorifort,Austria,20,Other
1413,2024-04-24,Dakotaview,Sweden,35,Female
1414,2024-09-30,Rickyland,Germany,33,Female
1415,2024-07-24,Bentleyshire,Austria,36,Other
1416,2024-04-20,South Adamton,Sweden,64,Female
1417,2025-01-21,Melaniestad,Germany,20,Male
1418,2023-12-17,Mannview,Belgium,37,Female
1419,2025-05-24,Hallborough,Germany,57,Male
1420,2024-04-15,Kingbury,Belgium,32,Other
1421,2023-11-01,Brandonport,Austria,19,Male
1422,2025-03-31,Adamsberg,Austria,48,Female
1423,2025-04-04,Reneeside,Belgium,55,Other
1424,2024-09-11,Jamesbury,Germany,21,Female
1425,2024-10-05,Pattersonborough,Netherlands,60,Other
1426,2024-06-19,East Joel,Netherlands,51,Male
1427,2023-08-04,Williamfurt,Austria,45,Female
1428,2024-06-17,North Brandon,Sweden,44,Female
1429,2025-02-22,New Steve,Belgium,55,Other
1430,2024-09-21,South Christopherside,Germany,54,Other
1431,2023-08-05,Port David,Austria,37,Female
1432,2024-09-02,Laurenville,Netherlands,22,Other
1433,2024-09-07,Dianatown,Sweden,43,Female
1434,2025-02-22,Matthewstad,Austria,29,Other
1435,2025-04-26,Oliverland,Belgium,47,Male
1436,2024-12-17,New Colleen,Germany,50,Other
1437,2024-06-15,West Rogerton,Netherlands,46,Male
1438,2025-03-18,East Anthony,Germany,43,Male
1439,2025-01-21,Robertville,Germany,28,Female
1440,2024-02-03,West Rebeccachester,Belgium,23,Female
1441,2023-08-17,Roberthaven,Austria,43,Female
1442,2023-12-09,Ruizstad,Netherlands,42,Other
1443,2024-12-29,Port Adriana,Sweden,39,Male
1444,2023-08-04,Jamesmouth,Netherlands,41,Female
1445,2023-07-20,East Roberthaven,Belgium,53,Female
1446,2024-05-04,Wrightstad,Sweden,18,Male
1447,2025-01-07,Livingstonborough,Germany,41,Female
1448,2024-12-07,Pricehaven,Netherlands,44,Male
1449,2024-08-23,Kurtshire,Austria,35,Male
1450,2023-10-14,Mccoyfurt,Germany,59,Male
1451,2025-04-26,Johnfort,Austria,33,Other
1452,2024-02-28,East Linda,Sweden,48,Other
1453,2024-12-24,Lake Jamesstad,Netherlands,27,Male
1454,2023-11-28,Aaronburgh,Netherlands,31,Other
1455,2024-08-10,West Michaelchester,Germany,59,Female
1456,2025-03-19,Hohaven,Germany,38,Female
1457,2025-06-25,West Tammychester,Austria,20,Female
1458,2023-09-13,South Danielton,Sweden,47,Other
1459,2025-02-13,Meredithtown,Netherlands,27,Other
1460,2024-06-28,Port William,Germany,31,Male
1461,2023-11-09,South Steven,Austria,48,Other
1462,2023-10-10,Latashamouth,Sweden,46,Female
1463,2024-10-01,New Erikaland,Austria,35,Other
1464,2024-11-19,East Brenda,Netherlands,33,Male
1465,2025-02-19,Maloneton,Austria,55,Female
1466,2023-12-17,Gonzalezville,Netherlands,20,Female
1467,2023-08-16,New Heidi,Netherlands,24,Female
1468,2025-01-11,North Richardmouth,Austria,29,Other
1469,2024-11-01,Taylorton,Austria,60,Female
1470,2024-12-08,New Stephanieburgh,Netherlands,18,Female
1471,2024-10-20,Arnoldhaven,Germany,27,Male
1472,2024-08-28,Jonesmouth,Germany,57,Other
1473,2024-01-14,East Cynthiaburgh,Austria,60,Other
1474,2023-07-09,East Stacyland,Germany,28,Other
1475,2024-12-20,West Jacobshire,Belgium,34,Female
1476,2023-09-06,Caseyfort,Netherlands,47,Male
1477,2023-12-10,South Michael,Belgium,38,Female
1478,2025-05-11,Holtport,Germany,56,Female
1479,2024-11-08,New Erin,Belgium,61,Female
1480,2024-02-03,Lake Luisport,Sweden,58,Other
1481,2023-09-23,New Alisonberg,Belgium,45,Female
1482,2025-02-22,Jamesberg,Belgium,29,Male
1483,2024-08-02,Benjaminport,Austria,18,Female
1484,2023-11-07,East Anthony,Netherlands,56,Male
1485,2024-11-29,Port Bruceland,Belgium,50,Male
1486,2023-12-08,Montesview,Germany,58,Female
1487,2024-09-23,South Jacobshire,Germany,20,Other
1488,2025-04-13,West Stephenberg,Sweden,58,Female
1489,2023-10-28,Laurenberg,Belgium,45,Other
1490,2024-11-06,South Terri,Netherlands,29,Male
1491,2023-07-09,Lake Willietown,Netherlands,53,Male
1492,2024-10-06,West Bradley,Belgium,36,Other
1493,2025-02-05,North Katherine,Austria,62,Other
1494,2024-11-24,Kimberlyton,Sweden,55,Female
1495,2025-02-06,Albertburgh,Sweden,48,Male
1496,2024-03-25,South Ian,Belgium,20,Female
1497,2024-06-04,Lake Codyhaven,Netherlands,46,Male
1498,2024-08-14,Port Jessicatown,Germany,57,Other
1499,2025-04-05,Amandafurt,Sweden,19,Other
1500,2024-02-06,Port Shellystad,Netherlands,36,Other
1501,2023-11-18,Lake Michelle,Netherlands,57,Female
1502,2024-05-24,East Stevenstad,Germany,38,Male
1503,2023-08-04,Port Meganmouth,Austria,39,Male
1504,2025-04-14,Aliciafurt,Netherlands,44,Other
1505,2024-11-06,Trevinoside,Austria,51,Other
1506,2024-12-09,North Shaneberg,Belgium,30,Other
1507,2025-07-05,Obrienside,Austria,38,Female
1508,2024-02-15,New Matthew,Belgium,63,Male
1509,2024-10-25,West Kenneth,Germany,27,Other
1510,2024-12-27,Port Mariahhaven,Sweden,54,Other
1511,2023-11-19,Hallborough,Netherlands,44,Male
1512,2023-08-06,Hullfort,Sweden,60,Male
1513,2024-07-08,Gonzalezshire,Belgium,41,Female
1514,2024-07-04,Martinezhaven,Austria,31,Male
1515,2024-04-05,New Jamie,Netherlands,48,Other
1516,2023-12-10,North David,Austria,27,Male
1517,2025-04-29,South Maurice,Germany,25,Other
1518,2024-02-21,North Stephanie,Belgium,62,Female
1519,2024-10-30,North Melissa,Sweden,52,Male
1520,2024-08-31,North Markfort,Netherlands,31,Other
1521,2024-07-18,Whiteland,Belgium,26,Male
1522,2023-10-20,Karlaton,Austria,40,Male
1523,2025-02-28,New Michael,Austria,29,Female
1524,2025-06-29,East Jeffrey,Sweden,38,Other
1525,2024-05-17,North Amanda,Sweden,52,Male
1526,2025-07-05,East Stacychester,Germany,31,Other
1527,2023-08-19,West Christine,Netherlands,41,Female
1528,2023-08-12,East Todd,Germany,39,Male
1529,2024-02-25,Coxburgh,Belgium,52,Other
1530,2024-01-20,West Martin,Belgium,39,Female
1531,2024-11-20,Johnstonville,Austria,55,Other
1532,2024-08-23,Michaeltown,Belgium,45,Female
1533,2024-03-23,Davidmouth,Austria,63,Female
1534,2025-06-11,Robertborough,Germany,61,Female
1535,2024-04-21,Jacobfurt,Netherlands,39,Male
1536,2025-02-16,New Manuel,Austria,22,Female
1537,2024-08-11,Port Matthew,Sweden,42,Other
1538,2024-12-11,Kristinberg,Belgium,25,Male
1539,2023-09-23,Lake Philipville,Germany,22,Female
1540,2024-09-15,Christinaside,Germany,29,Female
1541,2025-01-29,North Donna,Belgium,38,Female
1542,2024-04-29,East Denisechester,Netherlands,50,Male
1543,2024-07-14,Lake Madelineshire,Germany,39,Other
1544,2025-06-05,Joshuaport,Sweden,25,Male
1545,2023-07-16,West Loriland,Austria,63,Other
1546,2024-12-01,Port Thomasbury,Sweden,41,Male
1547,2024-08-13,Stephanieville,Germany,38,Other
1548,2024-12-03,Port Kyle,Belgium,18,Male
1549,2024-10-15,Allenhaven,Sweden,48,Other
1550,2025-02-13,North Chasemouth,Austria,54,Male
1551,2024-06-28,New Michaelville,Sweden,54,Other
1552,2024-12-09,Cynthiamouth,Austria,24,Other
1553,2024-04-13,Katherinefurt,Netherlands,51,Male
1554,2024-10-16,West Sarah,Belgium,45,Male
1555,2023-11-21,Sandrafurt,Belgium,62,Male
1556,2024-07-12,Carolynchester,Sweden,35,Male
1557,2023-07-13,Port Deborahland,Netherlands,47,Female
1558,2025-01-09,Amandaton,Germany,47,Female
1559,2025-04-08,South Kevinshire,Sweden,24,Other
1560,2024-12-05,Jeremiahberg,Austria,58,Other
1561,2025-04-23,New Desiree,Sweden,62,Other
1562,2024-11-03,Danielton,Sweden,55,Other
1563,2024-09-28,Jillianborough,Sweden,30,Male
1564,2024-09-21,South Christopherburgh,Belgium,19,Female
1565,2024-05-15,Cynthiatown,Sweden,56,Female
1566,2024-03-12,Port Gregg,Belgium,58,Female
1567,2025-02-19,New Laurenbury,Belgium,30,Other
1568,2024-08-16,North Donna,Austria,50,Other
1569,2024-07-08,New Sara,Austria,24,Male
1570,2024-09-03,New Johnbury,Belgium,29,Other
1571,2024-08-18,Sherriport,Austria,30,Male
1572,2023-09-25,Lake Ashley,Belgium,30,Male
1573,2023-11-10,Jessicafort,Sweden,48,Female
1574,2025-01-23,New Angelaland,Austria,61,Other
1575,2024-02-29,North Briana,Netherlands,36,Male
1576,2024-03-14,East Ashleymouth,Sweden,26,Female
1577,2024-02-26,West Stephenborough,Germany,52,Other
1578,2025-06-10,North Gregoryburgh,Sweden,39,Male
1579,2024-12-02,Jamesside,Belgium,30,Other
1580,2025-07-06,Lisamouth,Netherlands,50,Female
1581,2024-09-24,Timothyberg,Sweden,32,Other
1582,2024-06-16,North Dustinburgh,Belgium,23,Female
1583,2023-08-30,West Anthonyshire,Austria,53,Male
1584,2024-09-16,New Kathryn,Belgium,52,Female
1585,2023-09-22,Perezport,Sweden,21,Male
1586,2024-07-20,North Karenfurt,Sweden,58,Other
1587,2024-10-20,Matthewtown,Austria,62,Male
1588,2024-04-08,South Jonathon,Austria,27,Female
1589,2023-09-01,West Jenniferton,Sweden,58,Male
1590,2024-04-18,Andersonhaven,Sweden,61,Male
1591,2025-01-05,Santiagobury,Germany,19,Female
1592,2024-06-05,Wangburgh,Germany,55,Other
1593,2024-08-26,Clineville,Germany,39,Male
1594,2025-04-19,Smithland,Netherlands,31,Female
1595,2024-02-23,Humphreyton,Belgium,39,Male
1596,2024-02-28,East Tracyfurt,Sweden,34,Male
1597,2024-11-20,Port Tiffany,Austria,41,Other
1598,2024-01-02,Brianfurt,Austria,37,Other
1599,2024-08-13,Christopherfurt,Sweden,51,Female
1600,2024-07-25,Oliviamouth,Sweden,31,Female
1601,2025-01-09,Port Susan,Belgium,57,Other
1602,2024-04-12,West Katie,Austria,28,Female
1603,2024-07-20,Timothystad,Germany,23,Female
1604,2024-04-29,Andrewstad,Austria,37,Other
1605,2023-08-09,New Stephaniehaven,Netherlands,54,Male
1606,2024-10-19,Kathyport,Netherlands,41,Female
1607,2025-02-08,Alexanderland,Austria,42,Other
1608,2024-05-27,North Rachel,Belgium,49,Female
1609,2023-12-14,Heathborough,Sweden,55,Other
1610,2024-03-01,Toddhaven,Sweden,34,Female
1611,2024-06-17,Port Christinachester,Germany,34,Female
1612,2025-05-16,Leebury,Belgium,25,Male
1613,2025-05-07,South Linda,Netherlands,25,Female
1614,2024-10-02,North George,Austria,18,Other
1615,2025-01-02,Sarahville,Sweden,43,Female
1616,2024-09-13,Danieltown,Sweden,45,Male
1617,2024-07-19,Kendrafurt,Belgium,40,Female
1618,2024-05-11,South Sandrafurt,Austria,51,Other
1619,2024-06-08,Gonzalezberg,Austria,57,Female
1620,2024-09-08,Lawrenceside,Austria,39,Female
1621,2024-08-31,Stuartfurt,Germany,44,Other
1622,2024-05-26,Adamsberg,Netherlands,45,Female
1623,2024-02-21,Bensonmouth,Sweden,28,Male
1624,2023-12-14,South Jordan,Belgium,64,Other
1625,2023-07-16,East Stephen,Austria,47,Male
1626,2025-07-02,Rebeccaville,Sweden,43,Female
1627,2024-06-29,Rodriguezburgh,Netherlands,52,Male
1628,2024-04-13,North Shirley,Belgium,34,Other
1629,2025-05-04,Ericville,Germany,47,Female
1630,2023-10-24,North Sean,Austria,37,Female
1631,2025-05-01,New Matthew,Sweden,61,Other
1632,2025-03-05,Jeanburgh,Netherlands,36,Male
1633,2025-03-18,South Donald,Germany,43,Female
1634,2024-12-17,Lopezmouth,Sweden,27,Female
1635,2023-08-31,Joshuaside,Austria,44,Female
1636,2024-01-08,Rebeccaberg,Sweden,44,Female
1637,2025-07-07,West Davidmouth,Belgium,61,Female
1638,2023-11-20,Annside,Germany,48,Male
1639,2024-12-23,Lake Erin,Germany,34,Female
1640,2024-12-11,Erikatown,Germany,30,Male
1641,2025-03-14,Jimmymouth,Netherlands,20,Other
1642,2025-01-17,Kevinburgh,Austria,48,Female
1643,2025-06-05,Randolphborough,Sweden,52,Other
1644,2024-08-23,Grantview,Sweden,31,Female
1645,2023-12-19,South Mackenzieside,Germany,59,Female
1646,2023-11-22,East Julieland,Germany,51,Male
1647,2025-02-28,East Adam,Germany,24,Female
1648,2025-07-04,Danielville,Sweden,44,Female
1649,2025-06-13,Lake Lori,Germany,18,Female
1650,2024-05-14,Lake Jeremiahbury,Germany,25,Male
1651,2025-05-07,North Eugene,Belgium,36,Other
1652,2024-02-02,Chaneychester,Netherlands,44,Other
1653,2024-02-24,Medinaland,Netherlands,52,Male
1654,2024-11-28,Shellyland,Belgium,36,Male
1655,2024-04-30,South Jennabury,Germany,36,Other
1656,2025-03-15,Freemanview,Germany,62,Female
1657,2024-04-19,Davidport,Germany,50,Other
1658,2024-01-20,Robertton,Netherlands,41,Male
1659,2023-10-10,Port Ashleyberg,Germany,27,Other
1660,2024-08-14,Jodiborough,Austria,56,Male
1661,2023-10-29,Port Jessica,Germany,47,Female
1662,2025-03-07,Andrewville,Netherlands,56,Female
1663,2024-05-11,Heathfort,Germany,54,Other
1664,2023-12-08,Sherrifurt,Germany,60,Other
1665,2023-07-20,North Leslieville,Austria,18,Female
1666,2024-11-13,West Julia,Belgium,34,Other
1667,2023-09-29,North Maryberg,Netherlands,32,Other
1668,2024-02-26,Jacobport,Germany,18,Male
1669,2023-07-12,Yvetteland,Netherlands,20,Female
1670,2025-05-10,New Doris,Belgium,41,Female
1671,2025-06-02,South Steveton,Belgium,41,Other
1672,2023-07-23,East Emily,Sweden,25,Female
1673,2024-09-20,Lake Davidton,Sweden,42,Female
1674,2023-11-11,Flemingview,Austria,38,Female
1675,2023-12-23,New Michelleshire,Austria,30,Female
1676,2024-04-06,New Williammouth,Netherlands,44,Male
1677,2024-11-10,Baileyberg,Germany,43,Female
1678,2023-11-23,Lake James,Sweden,64,Female
1679,2023-09-28,Susanville,Germany,27,Male
1680,2023-07-21,New Jesseport,Sweden,31,Male
1681,2024-12-08,Christinefort,Netherlands,23,Other
1682,2024-10-20,West Meredithbury,Netherlands,54,Female
1683,2023-07-08,Thomasshire,Sweden,49,Male
1684,2023-09-12,Ericamouth,Netherlands,20,Female
1685,2023-07-27,East Breannabury,Sweden,21,Other
1686,2025-06-06,Stephenfort,Belgium,23,Female
1687,2024-04-30,Michaelside,Austria,49,Female
1688,2024-03-17,Woodardshire,Sweden,29,Male
1689,2024-02-28,Port Brianmouth,Austria,59,Other
1690,2024-09-28,Lake Lisa,Sweden,52,Other
1691,2023-07-20,West Nancy,Netherlands,49,Other
1692,2024-10-03,Leechester,Austria,41,Male
1693,2024-05-20,West Robertton,Netherlands,45,Other
1694,2024-12-25,Riveraport,Belgium,23,Female
1695,2024-06-04,East Alyssa,Netherlands,38,Other
1696,2024-09-24,North Ericfurt,Austria,57,Male
1697,2023-12-01,Wendyburgh,Germany,35,Other
1698,2025-06-19,Karlahaven,Sweden,47,Female
1699,2023-11-12,Lake Ann,Austria,46,Other
1700,2024-11-13,West Kathryn,Germany,54,Female
1701,2024-05-03,Carlosborough,Sweden,39,Female
1702,2023-07-15,Lake Codyville,Austria,46,Male
1703,2023-07-12,New Sarah,Sweden,20,Male
1704,2024-01-23,East Desiree,Netherlands,23,Female
1705,2023-07-10,West Williamshire,Austria,46,Female
1706,2024-12-20,North Angelaport,Netherlands,30,Other
1707,2024-01-14,Lake Brendamouth,Belgium,30,Female
1708,2024-07-20,Josephberg,Netherlands,52,Other
1709,2024-08-25,South Andrew,Sweden,36,Female
1710,2024-08-19,East Heathershire,Netherlands,32,Other
1711,2024-08-03,Farmerland,Belgium,63,Other
1712,2025-04-21,Michaelburgh,Netherlands,40,Other
1713,2023-11-29,East Denisestad,Germany,38,Other
1714,2023-07-15,New Travis,Sweden,43,Female
1715,2024-05-25,Lake Collinmouth,Germany,57,Other
1716,2024-12-09,South Jenniferton,Belgium,61,Male
1717,2024-08-30,Middletonville,Austria,58,Female
1718,2025-01-12,Watsonberg,Germany,34,Female
1719,2024-01-11,Harrisberg,Germany,56,Other
1720,2025-02-20,Susanchester,Austria,40,Male
1721,2024-07-22,South Michaeltown,Germany,39,Other
1722,2024-07-24,Paigebury,Germany,42,Male
1723,2025-01-16,Rachaelbury,Belgium,36,Other
1724,2025-05-20,Davidberg,Sweden,50,Male
1725,2025-03-28,New Rebekahville,Germany,31,Female
1726,2024-04-13,West Elizabeth,Germany,42,Female
1727,2024-06-22,Curtisville,Sweden,63,Female
1728,2024-03-07,New Austin,Sweden,63,Female
1729,2023-09-26,Samanthachester,Germany,57,Female
1730,2025-03-09,Kaneland,Germany,41,Male
1731,2024-03-08,Boonebury,Belgium,44,Other
1732,2024-06-05,Lake Jill,Belgium,62,Other
1733,2024-09-13,New George,Netherlands,23,Female
1734,2024-12-04,Wheelerburgh,Belgium,30,Male
1735,2023-10-17,Chavezstad,Sweden,32,Female
1736,2025-06-23,South Kimberlyfurt,Netherlands,56,Male
1737,2025-05-24,Brandonmouth,Austria,48,Male
1738,2023-12-08,Jonesborough,Belgium,27,Male
1739,2023-07-13,Andrewland,Sweden,19,Male
1740,2024-03-22,Dustinside,Sweden,63,Male
1741,2024-03-13,New Lisa,Germany,48,Male
1742,2023-07-26,New Erictown,Sweden,32,Male
1743,2024-02-02,Thomasview,Sweden,59,Male
1744,2023-10-24,Jenniferburgh,Netherlands,58,Female
1745,2025-02-21,West Thomasmouth,Austria,44,Female
1746,2025-06-02,Boydbury,Belgium,61,Male
1747,2024-10-09,New Danny,Germany,53,Other
1748,2024-06-20,Lake Jaime,Sweden,46,Other
1749,2024-09-09,Sonyaberg,Belgium,57,Female
1750,2025-01-23,Mcconnellshire,Netherlands,24,Female
1751,2024-01-30,Gonzalezport,Belgium,61,Other
1752,2024-11-08,East Robin,Germany,61,Male
1753,2025-02-08,Lake Amber,Sweden,55,Other
1754,2023-09-28,New Joshuachester,Austria,47,Female
1755,2023-08-01,Gardnerview,Belgium,33,Male
1756,2023-12-20,Ashleymouth,Sweden,41,Male
1757,2025-03-04,Lake Jonathanstad,Austria,43,Female
1758,2025-05-10,New Scott,Austria,57,Female
1759,2024-03-29,Fishershire,Belgium,24,Female
1760,2024-01-05,East Jenna,Belgium,37,Female
1761,2024-08-29,Lake Shannon,Belgium,63,Male
1762,2025-01-12,East Justin,Sweden,24,Other
1763,2024-01-30,Schneiderborough,Netherlands,33,Other
1764,2024-06-27,Austinville,Austria,33,Other
1765,2025-06-23,North Annashire,Germany,37,Male
1766,2024-02-27,Cathyside,Austria,59,Female
1767,2024-08-17,South Tonyafurt,Belgium,27,Male
1768,2024-06-12,North Tiffany,Belgium,19,Other
1769,2024-12-04,Wattsmouth,Belgium,36,Female
1770,2024-08-26,New Jamesport,Sweden,59,Female
1771,2023-11-12,South Amy,Belgium,22,Other
1772,2024-01-03,West Alexiston,Germany,49,Male
1773,2024-05-30,Debrachester,Austria,20,Other
1774,2024-04-04,New Daniel,Sweden,58,Other
1775,2025-03-14,Smithstad,Austria,29,Female
1776,2024-02-10,Wernerville,Germany,42,Female
1777,2024-06-15,New Christopher,Netherlands,37,Male
1778,2025-02-22,Dianashire,Austria,21,Other
1779,2025-01-05,Samanthaborough,Netherlands,56,Male
1780,2023-12-17,Hamiltontown,Germany,20,Female
1781,2023-08-19,Palmerchester,Netherlands,40,Female
1782,2024-06-06,Hansenborough,Netherlands,59,Male
1783,2023-11-16,North Nicole,Germany,48,Male
1784,2024-05-09,West Joseph,Netherlands,29,Other
1785,2023-11-23,East Danielside,Netherlands,59,Other
1786,2024-09-15,New Kyle,Sweden,43,Male
1787,2023-09-17,Michaelbury,Germany,53,Male
1788,2023-08-11,Harpermouth,Belgium,39,Female
1789,2024-05-08,Webbchester,Austria,32,Other
1790,2024-09-01,Lake Tina,Germany,50,Male
1791,2024-06-07,Millerfort,Austria,64,Male
1792,2025-01-21,Jonesfort,Sweden,46,Other
1793,2023-10-01,New Anthonytown,Sweden,36,Male
1794,2025-06-23,Richardstad,Austria,52,Male
1795,2024-07-10,East Damon,Sweden,58,Female
1796,2025-07-04,Lake Shannon,Austria,35,Male
1797,2024-04-09,Joshuastad,Netherlands,32,Male
1798,2023-11-10,New Gabriela,Germany,64,Male
1799,2025-01-01,Guerraview,Belgium,64,Other
1800,2023-08-27,Kevinstad,Belgium,44,Female
1801,2023-11-09,Gwendolynfurt,Germany,64,Other
1802,2024-02-17,North Michaelmouth,Netherlands,22,Male
1803,2024-08-06,Donaldton,Sweden,22,Other
1804,2024-01-26,Vegaside,Netherlands,64,Female
1805,2024-10-08,North Jamesview,Netherlands,51,Male
1806,2025-03-22,Johnsonborough,Austria,54,Other
1807,2025-06-29,Kellyview,Sweden,28,Male
1808,2023-08-29,Port John,Sweden,36,Other
1809,2024-05-05,Parsonsport,Netherlands,61,Male
1810,2024-04-08,Port Charles,Belgium,53,Male
1811,2025-06-18,New Jameston,Germany,29,Male
1812,2024-11-01,West Ronnie,Netherlands,36,Other
1813,2024-01-01,Stephaniemouth,Belgium,58,Other
1814,2024-02-03,Jonesberg,Germany,48,Female
1815,2025-01-01,Heidichester,Belgium,33,Female
1816,2025-04-27,East Stacy,Sweden,27,Other
1817,2025-04-05,Lake Thomasland,Belgium,20,Other
1818,2024-04-17,Normabury,Austria,64,Other
1819,2025-05-31,Olsonmouth,Sweden,48,Other
1820,2025-05-21,Port Lauren,Sweden,57,Male
1821,2024-01-06,Port Mary,Austria,23,Female
1822,2025-07-05,Kimfort,Austria,53,Female
1823,2024-01-03,Jasminefurt,Sweden,32,Other
1824,2023-11-06,West Melissa,Belgium,23,Other
1825,2024-11-19,West Matthew,Sweden,18,Male
1826,2023-09-28,Michellehaven,Sweden,36,Female
1827,2024-08-24,West Grantmouth,Germany,59,Other
1828,2024-09-08,South Michelefort,Germany,25,Other
1829,2024-02-05,West Holly,Austria,62,Male
1830,2025-04-13,North Donaldport,Germany,63,Female
1831,2024-11-14,West Nicholas,Netherlands,23,Other
1832,2023-11-07,Adamfurt,Sweden,38,Male
1833,2023-07-18,Walshhaven,Germany,39,Female
1834,2024-11-10,Port Ronaldmouth,Austria,57,Other
1835,2023-08-24,Lake Adam,Netherlands,21,Male
1836,2023-10-20,Paulberg,Netherlands,36,Female
1837,2023-11-20,Ramseytown,Germany,57,Male
1838,2024-04-09,Port Kathryn,Germany,52,Other
1839,2024-04-24,South Tylerside,Belgium,23,Male
1840,2024-04-16,Tapiahaven,Austria,22,Other
1841,2024-02-09,Gilbertmouth,Belgium,40,Male
1842,2025-04-13,Davismouth,Netherlands,57,Female
1843,2024-06-29,New Connor,Austria,41,Male
1844,2024-09-30,Cookbury,Austria,36,Other
1845,2025-05-16,New Leslie,Germany,27,Female
1846,2024-10-28,North Christine,Sweden,35,Male
1847,2024-09-27,South Scott,Austria,60,Other
1848,2025-01-12,New Gregorymouth,Belgium,58,Female
1849,2024-04-20,North Ryanport,Sweden,31,Female
1850,2023-12-18,Petersonmouth,Sweden,45,Other
1851,2025-03-08,Rachelview,Sweden,63,Male
1852,2025-05-26,Brookestad,Netherlands,41,Other
1853,2024-08-10,South Kimberly,Sweden,43,Other
1854,2024-06-22,Jeremyton,Germany,57,Male
1855,2024-10-25,Carneyshire,Sweden,27,Female
1856,2025-03-24,New Michael,Austria,29,Male
1857,2024-03-02,New Elizabethhaven,Sweden,59,Female
1858,2023-11-05,Hickmanhaven,Germany,43,Other
1859,2024-02-17,Rebeccafurt,Germany,43,Other
1860,2025-01-10,Jeremyhaven,Austria,39,Male
1861,2024-06-08,East Mariahton,Germany,29,Male
1862,2024-06-24,Danabury,Austria,30,Female
1863,2023-12-07,South Kathryn,Belgium,26,Male
1864,2025-03-01,Benjaminview,Germany,52,Male
1865,2023-07-24,North Larryborough,Germany,51,Female
1866,2024-07-13,New Jasmine,Belgium,52,Male
1867,2024-03-27,Davidsonbury,Netherlands,30,Female
1868,2024-12-03,East Stephen,Sweden,62,Other
1869,2023-12-11,Port Jenniferberg,Germany,63,Other
1870,2025-03-07,South Jodymouth,Belgium,52,Male
1871,2025-05-08,Kimberlyhaven,Netherlands,27,Other
1872,2024-07-28,New Tammyside,Austria,37,Female
1873,2024-02-27,East Samanthahaven,Germany,61,Male
1874,2024-05-13,Terrishire,Netherlands,33,Other
1875,2023-10-24,Port Jonathanview,Netherlands,50,Male
1876,2024-01-02,Port Richardstad,Sweden,22,Male
1877,2024-03-09,Stephanietown,Germany,24,Male
1878,2024-12-09,New Karenfurt,Netherlands,19,Male
1879,2024-07-17,Lake Donaldburgh,Austria,18,Other
1880,2025-05-22,Tuckerfort,Austria,46,Other
1881,2024-01-14,North Isabelmouth,Austria,41,Other
1882,2024-07-02,East Anthonyton,Sweden,43,Other
1883,2024-05-29,East David,Belgium,58,Other
1884,2023-09-19,Terrybury,Austria,50,Female
1885,2024-01-16,Richardstown,Austria,56,Female
1886,2023-09-06,South Stacy,Austria,45,Other
1887,2025-01-09,Port Jacob,Netherlands,42,Other
1888,2024-10-30,West Colleen,Austria,49,Female
1889,2025-05-27,Mullenmouth,Netherlands,32,Female
1890,2023-08-08,South Patrick,Netherlands,20,Male
1891,2024-03-03,Westland,Germany,60,Male
1892,2024-04-25,Port Mindy,Sweden,37,Female
1893,2024-04-04,Dustinchester,Sweden,26,Male
1894,2024-10-24,Wilkinsonberg,Sweden,51,Male
1895,2023-10-14,South Joshua,Belgium,41,Other
1896,2024-05-26,Donaldmouth,Netherlands,43,Male
1897,2024-05-19,Tinaberg,Sweden,60,Female
1898,2025-01-08,Dylanland,Austria,63,Other
1899,2025-01-01,Palmerberg,Belgium,46,Male
1900,2024-09-01,South Taylorhaven,Austria,40,Female
1901,2025-04-25,Dyerberg,Belgium,22,Female
1902,2024-03-11,West James,Germany,37,Other
1903,2023-11-12,West Lisaberg,Austria,50,Female
1904,2025-05-11,Port Sean,Austria,18,Male
1905,2024-10-06,Frankton,Austria,32,Male
1906,2024-09-20,North Robinbury,Belgium,64,Other
1907,2025-01-21,East Natalie,Austria,31,Male
1908,2023-09-18,Port Noah,Belgium,58,Female
1909,2024-11-08,Lake Courtneyside,Belgium,23,Male
1910,2024-08-16,West Daniel,Germany,36,Other
1911,2024-07-25,Pageport,Netherlands,34,Female
1912,2024-11-20,Jacksonport,Netherlands,26,Other
1913,2023-07-16,Barrettport,Austria,38,Other
1914,2024-02-07,Lake Sarah,Belgium,55,Other
1915,2023-10-05,East Robyn,Netherlands,37,Male
1916,2023-10-04,Markmouth,Belgium,18,Male
1917,2024-10-23,Port Ryanland,Sweden,34,Male
1918,2024-02-13,Burnettstad,Germany,18,Female
1919,2025-02-20,South Michaelhaven,Netherlands,40,Female
1920,2024-08-04,Jonathanbury,Belgium,25,Female
1921,2023-12-19,New Frank,Belgium,39,Male
1922,2023-08-16,Stevensfort,Belgium,39,Male
1923,2024-02-01,Gutierrezchester,Austria,28,Male
1924,2023-10-20,Gravesville,Netherlands,35,Male
1925,2024-06-19,New Michaelview,Sweden,33,Male
1926,2025-05-23,Merrittville,Sweden,30,Female
1927,2025-02-14,Alanburgh,Germany,59,Male
1928,2023-10-07,Ayalaburgh,Germany,21,Other
1929,2023-10-14,Hannahfort,Netherlands,63,Male
1930,2023-07-13,South Kevinburgh,Austria,21,Female
1931,2023-08-30,East Brandytown,Germany,43,Male
1932,2025-07-04,New Kristen,Netherlands,29,Female
1933,2025-02-04,West Karenborough,Austria,28,Female
1934,2023-11-12,Chapmanville,Sweden,52,Other
1935,2025-02-01,Lesliechester,Germany,36,Other
1936,2024-10-15,East Reneehaven,Belgium,59,Other
1937,2023-11-10,Donaldland,Netherlands,61,Female
1938,2024-03-27,Lake Ericberg,Belgium,31,Female
1939,2024-04-13,West Deniseview,Netherlands,44,Other
1940,2025-01-06,East Danielle,Belgium,53,Other
1941,2023-09-25,Millerborough,Sweden,57,Female
1942,2025-03-12,Moralesport,Netherlands,19,Female
1943,2024-04-13,Jonathanmouth,Netherlands,23,Other
1944,2023-11-11,Port Ryan,Austria,55,Female
1945,2025-06-10,Hardystad,Austria,21,Male
1946,2024-08-31,Mannborough,Belgium,54,Other
1947,2024-06-27,Christopherside,Netherlands,19,Other
1948,2024-02-21,Port Richard,Sweden,64,Other
1949,2024-12-05,South Claudia,Germany,57,Male
1950,2023-09-27,Darleneport,Germany,63,Male
1951,2024-09-29,Amandaport,Sweden,62,Male
1952,2024-11-01,Brownton,Germany,42,Other
1953,2024-01-24,North Darlene,Germany,20,Other
1954,2025-01-28,New Cynthia,Belgium,41,Male
1955,2024-09-27,Ramirezland,Sweden,53,Other
1956,2024-10-21,New Justin,Germany,31,Male
1957,2024-01-31,East Kelli,Sweden,60,Other
1958,2024-01-31,East Christopher,Netherlands,25,Other
1959,2024-04-09,South Roberttown,Belgium,39,Other
1960,2023-09-16,North Kevin,Germany,59,Female
1961,2023-09-11,Jeremiahton,Netherlands,52,Male
1962,2023-07-19,North Charles,Germany,51,Other
1963,2024-08-31,Jessicachester,Austria,48,Female
1964,2023-09-14,Coxside,Netherlands,39,Male
1965,2024-09-20,Maryhaven,Belgium,27,Male
1966,2023-11-12,Port Shanefurt,Belgium,30,Female
1967,2023-12-14,Sanchezchester,Germany,56,Other
1968,2024-08-20,Orrburgh,Netherlands,59,Male
1969,2025-05-30,Taylormouth,Sweden,59,Other
1970,2024-12-02,Whiteland,Belgium,32,Other
1971,2025-05-08,East Stephanie,Netherlands,44,Female
1972,2025-05-12,Arnoldshire,Germany,43,Male
1973,2025-04-19,New Carriestad,Austria,45,Male
1974,2024-10-04,Morganhaven,Germany,61,Female
1975,2023-11-24,East Amandatown,Belgium,33,Female
1976,2024-01-27,Alejandraview,Sweden,51,Female
1977,2024-06-08,East Keithtown,Netherlands,54,Male
1978,2024-01-08,Ryanmouth,Netherlands,40,Female
1979,2024-03-17,West Stevenchester,Germany,62,Female
1980,2023-08-24,Carrillofort,Belgium,18,Female
1981,2024-01-25,Rogerston,Netherlands,56,Other
1982,2024-05-31,Jamesville,Austria,45,Other
1983,2024-02-21,Olsonshire,Sweden,27,Other
1984,2023-08-28,Robinview,Germany,55,Female
1985,2025-06-11,North Diane,Austria,44,Male
1986,2023-11-28,East Troy,Germany,39,Male
1987,2024-01-06,Traciefort,Sweden,55,Male
1988,2024-04-15,New Amandaburgh,Netherlands,54,Other
1989,2024-04-13,Bryanhaven,Netherlands,63,Male
1990,2024-12-12,Kimberlystad,Austria,62,Male
1991,2025-02-19,East Jennifer,Netherlands,55,Male
1992,2025-05-31,Natalieshire,Austria,35,Female
1993,2024-02-05,Victoriabury,Belgium,38,Other
1994,2025-04-07,Gonzalezhaven,Belgium,37,Female
1995,2024-05-23,Marthaside,Germany,45,Other
1996,2025-01-22,Port Justinbury,Netherlands,45,Male
1997,2025-04-07,Alvarezview,Germany,63,Female
1998,2024-02-07,Baileyfurt,Belgium,34,Other
1999,2024-07-04,Mirandaside,Sweden,27,Male
2000,2025-02-16,Port Frederickview,Netherlands,45,Male
